nombre,slug,descripcion,tipo_cocina,categoria_detectada,rango_precio,provincia,distrito,corregimiento,direccion,telefono,sitio_web,latitud,longitud,horario,rating,cantidad_resenas,imagen_url,delivery,reservas,activo,fuente,query_origen,google_place_id,google_data_id,google_data_cid
Azahar Restaurant,azahar-restaurant-652766,,Restaurante occidental,Restaurante,,Panamá,Panamá,,"Yoo & Arts Tower, Av. Vasco Nuñez de Balboa Piso 7, Panamá, Provincia de Panamá",203-9856,http://azaharpanama.com/,8.9760192,-79.52359799999999,Abierto · Cierra a las 11 p. m.,4.7,2307,https://lh3.googleusercontent.com/gps-cs-s/APNQkAHfQnq6KqhIVpPJ2zP_8QiQYJdntg4H2ESk6zkdHLGw3ow1FLJYBlgSgd52dryIkG9wJ5lvoR6dpXN5Oe6WN6dKf0Gt8RuhOqOEBI-yka14Rtdq8CceUbn1G9bl_3NXJavTCDda=w1000-h1000-c-n,,,True,SerpApi Google Maps,restaurantes en Ciudad de Panamá,ChIJRVVFAeeorI8RHkPxhPptSJs,0x8faca8e701455545:0x9b486dfa84f1431e,11189314196941652766
CASABLANCA,casablanca-141240,,Restaurante,Restaurante,,Panamá,Panamá,,"Plaza Simón Bolívar, Calle 4a Este, Panamá, Provincia de Panamá",6976-2800,https://www.instagram.com/casablancacasco/,8.9531676,-79.5337878,Abierto · Cierra a las 11:30 p. m.,4.4,1527,https://lh3.googleusercontent.com/gps-cs-s/APNQkAG0fw2wq7HQvnzxSFB5Fd-DZb8W0MBrYYbHqGn1j0somGRgzRP_eFWlVyDaVVEM4csAddYH0lKR5WuMLgKP8YroB-Y3aCfeph7Ucgc-qY0G1M5G8T-DmNLxZbTEq-bNmJn2njT9FA=w1000-h1000-c-n,,,True,SerpApi Google Maps,restaurantes en Ciudad de Panamá,ChIJRW6qOcuorI8R-F0xs8tINn8,0x8faca8cb39aa6e45:0x7f3648cbb3315df8,9166594131281141240
La Pulpería | Casco Antiguo,la-pulperia-casco-antiguo-819091,,Restaurante,Bar,,Panamá,Panamá,,"C. 9a Este, Panamá, Provincia de Panamá",393-7393,http://www.lapulperia.com.pa/,8.9529563,-79.536307,Abierto · Cierra a las 12 a. m.,4.9,6559,https://lh3.googleusercontent.com/gps-cs-s/APNQkAEWaG1TjA3e7IRjVm5TYaxW3BNQrOtOFBEFeOVOtN-pY7rfbe2KRvMyWK5m6YEpaBPdO9LlgfOWgTuCfZj0H5Dgb7Bj5ZhNHfYyvLGNRbVZhhSKuxWGZZFDTS1vzgSYt2Tfxc7R=w1000-h1000-c-n,,,True,SerpApi Google Maps,restaurantes en Ciudad de Panamá,ChIJIUr5GJuprI8RkyBZykvdVtY,0x8faca99b18f94a21:0xd656dd4bca592093,15444775289700819091
Sabroso Panamá,sabroso-panama-347337,,Restaurante,Restaurante,,Panamá,Panamá,,"Isla Perico, Calzada de, Panamá",313-7166,https://www.sabroso-panama.com/,8.9152132,-79.5265568,Abierto · Cierra a las 11 p. m.,4.6,3218,https://lh3.googleusercontent.com/gps-cs-s/APNQkAETrJyWRyoKyrVYt7i4syZvnoU6JWTZZQ2UBXTkzoznwbPz6f6ElOngMx5K9aRjpczNQTk1HTABcICGgv5v_JN0dW2_MRGili4qv-gvXsX5fPghIJQBnFkxkyFKup9u_DDFqUNbo8OcOkE=w1000-h1000-c-n,,,True,SerpApi Google Maps,restaurantes en Ciudad de Panamá,ChIJPWxpqCWvrI8Rya91mBowtsQ,0x8facaf25a8696c3d:0xc4b6301a9875afc9,14174569767980347337
Restaurante El Enemigo - Casco Antiguo,restaurante-el-enemigo-casco-antiguo-335030,,Restaurante,Restaurante,,Panamá,Panamá,,"Entre calle 9 y 8, Av. Central España, Panamá, Provincia de Panamá",6999-2844,,8.9524071,-79.5359412,Abierto · Cierra a las 12 a. m.,4.8,878,https://lh3.googleusercontent.com/gps-cs-s/APNQkAFPhmtr6nr8jeD0ZJfkgZfCYWhtAUHYOd6Sb8el5j9x8vjwElEMeTNPeSN_rPVXqXJzOsAXzF_fO1FStLEjuWyxM2lo5HH0PgKXIgmiPVaxDj6BZe354CLYsT3szE48lBzfsbSFdd-Wwtq_=w1000-h1000-c-n,,,True,SerpApi Google Maps,restaurantes en Ciudad de Panamá,ChIJgaEka0WprI8R9r62DB6DklM,0x8faca9456b24a181:0x5392831e0cb6bef6,6022019816833335030
LAZOTEA | Jorge Rausch,lazotea-jorge-rausch-232020,,Restaurante,Restaurante,,Panamá,Panamá,,"Rooftop, Av. Eloy Alfaro, y, Provincia de Panamá",387-0529,https://lazoteapanama.com/,8.9543152,-79.5367509,Abierto · Cierra a la 1 a. m.,4.4,2770,https://lh3.googleusercontent.com/gps-cs-s/APNQkAFiRl3dXvpIyCG1VYzIEnbyKjL67_0LEtpF5lFHyPAclCnnnhg-qi3Du7CsjIhSdbAmUe4n6sZT2_H-iGjlCirWDN5ZYgMKGptub4lX9KAHJ1060nId3ejP4jOYb-acMWZkqbXY=w1000-h1000-c-n,,,True,SerpApi Google Maps,restaurantes en Ciudad de Panamá,ChIJZSlrk8qorI8RlLui8CA3F-k,0x8faca8ca936b2965:0xe9173720f0a2bb94,16795953949917232020
The Wallace,the-wallace-816720,,Restaurante,Restaurante,,Panamá,Panamá,,"Av. Samuel Lewis, Panamá, Provincia de Panamá",385-5383,http://www.thewallacepanama.com/,8.9856395,-79.5214462,Abierto · Cierra a las 11 p. m.,4.7,933,https://lh3.googleusercontent.com/gps-cs-s/APNQkAE8oJOvPOnS4xraPSWvTUBOu8aNh13e2D4NNeGMgakQxV0xyggBF7LWLn6eVmFj12DTWVtN01-NTRPEqwLucxtp7G6AJADiH0sjFcb9H7qBbrf0mXJiSIj4aeXBffhTjpSGu24=w1000-h1000-c-n,,,True,SerpApi Google Maps,restaurantes en Ciudad de Panamá,ChIJV2D7iqmprI8REJb6Fn893UQ,0x8faca9a98afb6057:0x44dd3d7f16fa9610,4962189980487816720
Filomena Cucina di Mare Panamá,filomena-cucina-di-mare-panama-484036,,Restaurante italiano,Italiana,,Panamá,Panamá,,"PH YOO 6TH, FLOOR, Provincia de Panamá",383-0822,http://www.filomenarest.com/,8.9760179,-79.5235866,Abierto · Cierra a las 11 p. m.,4.7,1242,https://lh3.googleusercontent.com/gps-cs-s/APNQkAGWPRVLPJfWSjBI0aS-7DmPCPCLy8PDeZiotBrVFn2jYLKEUC8e2q6LGr2tgFNKJ9tWkU6yZk3KE0gF1zas_UV4GdEYYLSm6MiN0_r1MjXDEqj5kurNWz3Xn1WcgrZOTNRtIqC0=w1000-h1000-c-n,,,True,SerpApi Google Maps,restaurantes en Ciudad de Panamá,ChIJg8DFldqprI8RBKMw39YD7Uo,0x8faca9da95c5c083:0x4aed03d6df30a304,5398975749689484036
"Al Alma Café Restaurante - Casa Lefevre, Plaza Catedral",al-alma-cafe-restaurante-casa-lefevre-plaza-catedral-724636,,Restaurante,Café,,Panamá,Panamá,,"Plaza de la Independencia, C. 5a Este, Panamá, Provincia de Panamá",6108-2043,https://www.alalma.com.pa/,8.952624799999999,-79.5343936,Abierto · Cierra a las 6 p. m.,4.6,824,https://lh3.googleusercontent.com/gps-cs-s/APNQkAGdl3EGLjKushRzgA-5quhIRrnemTOwSohgWTQRFk54nY6M9VNHJCq3gxVhw8dEAgQJblzLJCJGs3dA6yZS2qiMTG-ghiqjwciPlkceJeRr3tzTO__CeEMRuraSbEfVJ_mH0a5h=w1000-h1000-c-n,,,True,SerpApi Google Maps,restaurantes en Ciudad de Panamá,ChIJW89JheiprI8RHCt4H3wHQ1Y,0x8faca9e88549cf5b:0x5643077c1f782b1c,6215820140386724636
Hacienda Real Panamá,hacienda-real-panama-631902,,Restaurante,Restaurante,$$,Panamá,Panamá,,"Balboa Boutique Panama Strip Mall, Panamá, Provincia de Panamá",264-0311,http://www.haciendarealpanama.com/,8.9757479,-79.5208552,Abierto · Cierra a las 10 p. m.,4.6,2018,https://lh3.googleusercontent.com/gps-cs-s/APNQkAErg9zQD1hl4MBNDnE8Mt5B_SWp7LpmpCGpXNbjDNbFY86N6MBwdHMEYoEV0-QRwjev35vzqucLmhksw6AQTj41INVOhwXWNjom3Jacvf2KVDjAdbCKcJvRYjJfL1uYS49L5Ou2_Zr2gT8Y=w1000-h1000-c-n,,,True,SerpApi Google Maps,restaurantes en Ciudad de Panamá,ChIJFayX7-iorI8RHniSZ-MnXSw,0x8faca8e8ef97ac15:0x2c5d27e36792781e,3196755168151631902
Restaurante El Trapiche | Via Argentina,restaurante-el-trapiche-via-argentina-409871,,Restaurante,Restaurante,,Panamá,Panamá,,"Vía Argentina, Panamá, Provincia de Panamá",269-4353,http://eltrapicherestaurante.com/,8.9889261,-79.52514889999999,Abierto · Cierra a las 10 p. m.,4.4,4087,https://lh3.googleusercontent.com/gps-cs-s/APNQkAHq6zpZMyyzLRSyuN9bDaPGQpfImAp0ISUqmci_YYocp7eUt105WmKq9bbhxaWVb7_b1f-qfRVw180zMtOjYp9BjtQby7ZqTK_ssZ25JGZhOhD8Q91Adp7KsFG50BgA31bl6L9q=w1000-h1000-c-n,,,True,SerpApi Google Maps,restaurantes en Ciudad de Panamá,ChIJIwesavqorI8RD8JR0i9hGAg,0x8faca8fa6aac0723:0x818612fd251c20f,583323009764409871
Ciboulette Panamá,ciboulette-panama-421980,,Restaurante de cocina contemporánea europea,Restaurante,,Panamá,Panamá,,"Calle 70 este, San Francisco ubicado en, Panamá, Provincia de Panamá",6599-2164,http://restauranteciboulette.com/,8.9891206,-79.5085754,Abierto · Cierra a las 10 p. m.,4.8,152,https://lh3.googleusercontent.com/gps-cs-s/APNQkAG2umQSiAM2l_H-qyqrsQ1FaikgKYPvGRdb0lj0RDlC0klLpvRHLtybwQSRKcY7N8zbl9mvEIPiZM3ZYgrE2bO2cJsW2cVjABW5rTirySYu3N-xZKlaNh9ex-6EOXJbXV4DpTyx=w1000-h1000-c-n,,,True,SerpApi Google Maps,restaurantes en Ciudad de Panamá,ChIJ_06o74SprI8RXGo3HS_8bvQ,0x8faca984efa84eff:0xf46efc2f1d376a5c,17613292471976421980
La Divina Comida Restaurante y Rooftop | PANAMÁ,la-divina-comida-restaurante-y-rooftop-panama-349370,,Restaurante,Rooftop,,Panamá,Panamá,,"Avenida A, Antigua Muralla Panamá. Baluarte Mano De Tigre, Casco Antiguo,PTY, Panamá",6806-2671,https://www.instagram.com/divinacomidapty,8.9516356,-79.537671,Abierto · Cierra a las 9 p. m.,4.6,219,https://lh3.googleusercontent.com/gps-cs-s/APNQkAEVcGtTQT_TrB_C63A5MiR4Bq-r1k96kYKEyAhMO12x56ousL1IrD-OhlidQacHsdC91yzpNz6Y-QHaa75ukqpGBhRC9n5GD46bLuaBguOBDlTkti7T8GUIvJAdmTOSuoSH4JSfbEy5GP0=w1000-h1000-c-n,,,True,SerpApi Google Maps,restaurantes en Ciudad de Panamá,ChIJl0HKDTeprI8R-qpWwM8bXEc,0x8faca9370dca4197:0x475c1bcfc056aafa,5142015453649349370
La Vespa Vista Mare,la-vespa-vista-mare-297713,,Restaurante,Restaurante,,Panamá,Panamá,,"antiguo trump, Ph TOC, area del ocean deck, Cl. Punta Colón, Panama City",830-5770,,8.975519199999999,-79.50637019999999,Abierto · Cierra a las 11 p. m.,4.6,1082,https://lh3.googleusercontent.com/gps-cs-s/APNQkAFXyqOSCQmAX0t4rSokXtzRNKD6HQtYB3S1xfr1SSi4pRRLcnASmltywvq-OTLjAQvEng4G58gA5nNmGSn-Wi70sZ08KL_44ZcS6x-549AogBTaHWvkPgVYRU52SgcicSyqEmet=w1000-h1000-c-n,,,True,SerpApi Google Maps,restaurantes en Ciudad de Panamá,ChIJqScn8BiprI8RcWnzW050jAI,0x8faca918f02727a9:0x28c744e5bf36971,183649564714297713
la tapa del coco,la-tapa-del-coco-643190,,Restaurante caribeño,Restaurante,,Panamá,Panamá,,"Calle 68 Este, Panamá",6856-5533,https://latapadelcocopanama.com/,8.994433899999999,-79.5110306,Abierto · Cierra a las 10:30 p. m.,4.7,4611,https://lh3.googleusercontent.com/gps-cs-s/APNQkAGKVdOIQNCkrJrggU5hgXw0uofX7RSzcrAdGUGCg-G7bG9HNgWRaqiVq2hctvitRZbIS2GMoyslk-ioEKJVsz-K_iAfTnBsRyOJ0TMmTVWGwm-sik1GG1lCBXPcJLFqSyeiVriZ=w1000-h1000-c-n,,,True,SerpApi Google Maps,restaurantes en Ciudad de Panamá,ChIJO_OlvQCprI8RdkROekQpvl8,0x8faca900bda5f33b:0x5fbe29447a4e4476,6898997053264643190
CasaCasco,casacasco-802885,,Bar restaurante,Bar,,Panamá,Panamá,,"C. 10 Oeste 15306, Panamá, Provincia de Panamá",6288-9024,http://www.casacasco.com/,8.9515875,-79.53680399999999,Abierto · Cierra a las 12 a. m.,4.5,5273,https://lh3.googleusercontent.com/gps-cs-s/APNQkAHAWFj9kzrlbHhIgAkyJPGjsKiDq5R9vjK8t1dc0EsDqCi1dXrSkTJ6qL1syjk54E9HNitW25Ot4Im4bVDyqnJCJraB4XQL46o0mhk29GgAYf34seXw5JqEtOv9cEcRqQ3PXXhpTA=w1000-h1000-c-n,,,True,SerpApi Google Maps,restaurantes en Ciudad de Panamá,ChIJkYF9RjWvrI8RBY-0Ny-sAmo,0x8facaf35467d8191:0x6a02ac2f37b48f05,7638857236771802885
Wahaka Restaurante,wahaka-restaurante-129702,,Restaurante mexicano,Mexicana,,Panamá,Panamá,,"Oceania Business Center, Torre 2000, Local C, Blvd. Pacífica, Panama City",6169-7167,http://wahakarest.com/?utm_source=google&utm_medium=wix_google_business_profile&utm_campaign=9816140719979057064,8.9804547,-79.5098134,Abierto · Cierra a las 10 p. m.,4.5,982,https://lh3.googleusercontent.com/gps-cs-s/APNQkAGN-wP5HWNj6VC88nhGQ_uoN99y7DJ2QLBVwiFYuUVBmuJQprXq7LvJPet6LsGGZrJ6T6s2eE8gsQziIdbKom_5j4UqUIt_NL9W-o07xLIFRtSvYA9nEKLHI1otihoLnxR7OVye=w1000-h1000-c-n,,,True,SerpApi Google Maps,restaurantes en Ciudad de Panamá,ChIJ9bI0F2aprI8R5ud9o3Bq26s,0x8faca9661734b2f5:0xabdb6a70a37de7e6,12383608632397129702
LUNA ROOFTOP,luna-rooftop-471318,,Bar restaurante,Bar,,Panamá,Panamá,,"000000, Panamá",6624-4100,https://luna-rooftop.cluvi.co/luna-rooftop/maincategories,8.9850728,-79.52063179999999,Abierto · Cierra a las 12 a. m.,4.6,1377,https://lh3.googleusercontent.com/gps-cs-s/APNQkAEljc3eHP4vGLepwI41GP0sT11n2rgd94RIz79MbzerJ2M-K5_hhn1d79WgDMkVSpTKbjlOMce-JSiSpbn4mo-fWdyVp7Np5lvqIVX25MkTBfHWfq6Iv6xPPNHC1GoLcVCTYPi9VLwd4MNX=w1000-h1000-c-n,,,True,SerpApi Google Maps,restaurantes en Ciudad de Panamá,ChIJaViLGmeprI8Rlo9Ut5F1LNQ,0x8faca9671a8b5869:0xd42c7591b7548f96,15288724103722471318
Restaurante Nazca 21 Casco antiguo,restaurante-nazca-21-casco-antiguo-565546,,Restaurante peruano,Restaurante,$$,Panamá,Panamá,,"Av. B 7-53, Panamá, Provincia de Panamá",393-7262,https://nazca21restaurante.com/,8.9531782,-79.5354306,Abierto · Cierra a las 10 p. m.,4.6,1382,https://lh3.googleusercontent.com/gps-cs-s/APNQkAH1Edo6aUUrx6EKL9Y-lMGkpNxLsZtxEDvMjVnEpbhweum9C4mPZJvzAHA0bWzZdn5Ui8GsIXOpfipbG-BgcX0krkn9_0Se-3Jgqh2x6YgT08WACOAec-O5Nc-mkfm7x3IpCQhG=w1000-h1000-c-n,,,True,SerpApi Google Maps,restaurantes en Ciudad de Panamá,ChIJv-AnzsqorI8RqjaEdG46ZV8,0x8faca8cace27e0bf:0x5f653a6e748436aa,6873964652326565546
Restaurante El Nacional Sabores de Panamá,restaurante-el-nacional-sabores-de-panama-694724,,Restaurante de cocina panlatinoamericana,Restaurante,,Panamá,Panamá,,"PH Plaza Catedral, Panamá, Provincia de Panamá",6421-6817,http://www.elnacionalpty.com/,8.9528579,-79.5347835,Abierto · Cierra a las 9 p. m.,4.7,637,https://lh3.googleusercontent.com/gps-cs-s/APNQkAHVticM4mOUYumOdv0NFaHj3zzUEK5p__giddvmnIiX-bdpFtq0ss0L4X-a9aIaZqjEsptxgbsbiBf8LCL3RGWlABJJD_YRsHmST-YGwcONCzhnD6IxYson_K_dt7kEhteQA4ZX=w1000-h1000-c-n,,,True,SerpApi Google Maps,restaurantes en Ciudad de Panamá,ChIJ30EZ0I2prI8RBBZ26VmW0ss,0x8faca98dd01941df:0xcbd29659e9761604,14686966647721694724
Restaurante El Trapiche | San Francisco,restaurante-el-trapiche-san-francisco-485342,,Restaurante,Restaurante,,Panamá,Panamá,,"Calle 71, Panamá, Provincia de Panamá",381-0981,http://www.eltrapicherestaurante.com/,8.9884091,-79.50782319999999,Abierto · Cierra a las 9 p. m.,4.6,3036,https://lh3.googleusercontent.com/gps-cs-s/APNQkAHaSgm9P5BRv-1aXDnHV6tU-QQ9TXnwGxvznKp-mM58JccwChkDo692z7eX6vZ-WBWsdxO5YH89jogYHik7PwgdAfz5Nik7m2BZBaebW0VE_7ZfjDxBJG0EBuhR37IDot-Ep6_I=w1000-h1000-c-n,,,True,SerpApi Google Maps,restaurantes en San Francisco Panamá,ChIJB5P4RwSprI8RHhlqlOz7oVA,0x8faca90447f89307:0x50a1fbec946a191e,5810201987805485342
La Pulpería - San Francisco,la-pulperia-san-francisco-561690,,Bar,Bar,,Panamá,Panamá,,"al lado de Tomillo, C. 71 Este, Panamá, Provincia de Panamá",385-7162,http://www.lapulperia.com.pa/,8.988936599999999,-79.50786049999999,Abierto · Cierra a las 12 a. m.,4.9,4740,https://lh3.googleusercontent.com/gps-cs-s/APNQkAHCeoG9yENlv3hRxqm27ld9phs_nizWieeYaLdikI5bSEF0nI9fyV8RAibjijLtY_RKFvj_UXU-hePcgAFxftlv7qzfrQxDWWpfhVTRQYYbq_D25mvMwgho4f0Z1rIlIVVnD0FYJPGVRv5I=w1000-h1000-c-n,,,True,SerpApi Google Maps,restaurantes en San Francisco Panamá,ChIJQ0lCx6mprI8RWnf8CeHzTaU,0x8faca9a9c7424943:0xa54df3e109fc775a,11911444737325561690
Restaurante Almería | San Francisco,restaurante-almeria-san-francisco-244401,,Restaurante,Restaurante,,Panamá,Panamá,,"casa 6, C. Matilde Obarrio de Mallet, Panamá, Provincia de Panamá",393-3334,,8.9962765,-79.5063852,Abierto · Cierra a las 11 p. m.,4.8,89,https://lh3.googleusercontent.com/gps-proxy/ALd4DhF-YyLcy0aOYEq5v_P-XngaknHsRScrI9wCR-cfARvoPI4An_ssa6zWMxMh8J0k620MZmZLPTDooO4UvDul-2bxEQXkJNrJzlAB7mOUkupPFhf6fpde-Xxt-zus4VnTCD2MXKrV3_5zoQif4k9AMAhrUplneM6cc2R2HlUM3CNH0qS9CXPkZ85O-Q=w1000-h1000-c-n,,,True,SerpApi Google Maps,restaurantes en San Francisco Panamá,ChIJkZu0bZeprI8RMRe4h0AFIDE,0x8faca9976db49b91:0x3120054087b81731,3539835081826244401
Pachapas San Francisco,pachapas-san-francisco-795812,,Restaurante,Restaurante,,Panamá,Panamá,,"Calle los Nisperos casa 30, Panamá, Provincia de Panamá",6012-1111,https://www.pachapas.com/,8.9966537,-79.51245449999999,Abierto · Cierra a las 7:30 p. m.,4.9,214,https://lh3.googleusercontent.com/gps-cs-s/APNQkAEQ4E4wz_UdpSFaMqysCYyTUeRktA4E2UHTw4gRWR-_KOYEh3sfUkhKornxJ77YDG0dwlqxItCjyk5C60qHF_qC3fUyrOusDlxMRAsOELuyVMtUnuSoi9v3pTo03OgY1GMgICWTAUJgpr6S=w1000-h1000-c-n,,,True,SerpApi Google Maps,restaurantes en San Francisco Panamá,ChIJEQf5Yg-prI8RJJnkylwp2sA,0x8faca90f62f90711:0xc0da295ccae49924,13896465078722795812
Gastronomía Buongiorno,gastronomia-buongiorno-421512,,Cafetería,Café,,Panamá,Panamá,,"N/A, Panamá, Provincia de Panamá",6200-3975,,8.9944584,-79.5059806,Abierto · Cierra a las 6 p. m.,4.9,196,https://lh3.googleusercontent.com/gps-cs-s/APNQkAGsQA5pXpPliczGFNAMLJi_iemXGdxJ5pdpGr3Sc8opw70Wz26KFcX1Jts3_4hiMV9Jz4KncnsEJaquCGMCMMHjuhocxzKJPIIoG_f7Xf9KI0aKPCedYO14vaZ7Kb5hfVCmu4PJiWa_qVJN=w1000-h1000-c-n,,,True,SerpApi Google Maps,restaurantes en San Francisco Panamá,ChIJFTmvvtiprI8RiEXT3LN2SRU,0x8faca9d8beaf3915:0x154976b3dcd34588,1533887662972421512
Los Años Locos | San Francisco,los-anos-locos-san-francisco-114547,,Restaurante,Restaurante,$$$,Panamá,Panamá,,"C. 74 Este 74, Panamá, Provincia de Panamá",226-6966,https://www.losalocos.com/,8.9921588,-79.50563,Abierto · Cierra a las 11 p. m.,4.6,1837,https://lh3.googleusercontent.com/gps-cs-s/APNQkAEM_uRzh2N_bv7pN2rTYpTpY79tadDeRF6l4_mmFpAKUH2Y6rk66kqmD4qPWF1BcvCFZUYnT64w-m1ud5OaqGAQE09eDd__V6mTn8xjVuI_K1O7LIfuWHBbITGXVUimaGk-xH4e=w1000-h1000-c-n,,,True,SerpApi Google Maps,restaurantes en San Francisco Panamá,ChIJjd7JSwaprI8Rc0RMecK1rns,0x8faca9064bc9de8d:0x7baeb5c2794c4473,8912260559476114547
"La Vasquita – Tartas Vascas, Specialty Coffee & Brunch | San Francisco",la-vasquita-tartas-vascas-specialty-coffee-brunch-san-francisco-972166,,Cafetería,Café,,Panamá,Panamá,,"C. 73 Este, Panamá, Provincia de Panamá",6905-0287,http://www.lavasquita.com/,8.9887043,-79.50576819999999,Abierto · Cierra a las 9:30 p. m.,5.0,320,https://lh3.googleusercontent.com/gps-cs-s/APNQkAGUip5czVZdT9oIwaW6DBBCUmLwyht87MOCClRj6Tz9yErtpcXH_graroJL4avEYaO4bJjNqbxYh1yTRq_w01_ruQWTO0r_6sLKOBCYoUN6wJyHswTIhUF4Uj2HfvI8eI2CJdBopCpnmyfn=w1000-h1000-c-n,,,True,SerpApi Google Maps,restaurantes en San Francisco Panamá,ChIJbc9vTB2prI8RhnR6ecQf0aI,0x8faca91d4c6fcf6d:0xa2d11fc4797a7486,11732193432988972166
ASSISI Restaurant,assisi-restaurant-293599,,Restaurante italiano,Italiana,,Panamá,Panamá,,"Av. 5 C Sur, Panamá, Provincia de Panamá",203-4564,http://www.assisirestaurants.com/,8.9884608,-79.5074971,Abierto · Cierra a las 10:30 p. m.,4.5,1271,https://lh3.googleusercontent.com/gps-cs-s/APNQkAGtGEDtWI_gzz8LAxwh6Ug6yPJtn_5nX0lG5hVlo3tz7BIWsFkA3MVkROwUJ8ALkEUUQBRnpCkMdw3dq5YyDzqjnPeO1hnv7HM4unHQAcbvaUxw9XGcBuedyFhFCoto_Mhejyy72A=w1000-h1000-c-n,,,True,SerpApi Google Maps,restaurantes en San Francisco Panamá,ChIJxzkjSASprI8RH0_I3NOLE0E,0x8faca904482339c7:0x41138bd3dcc84f1f,4689245379081293599
Il Tula San Francisco,il-tula-san-francisco-651525,,Restaurante italiano,Italiana,,Panamá,Panamá,,"Calle 67 esquina, Vía Israel, Panamá",6090-5594,,8.988418099999999,-79.5105234,Abierto · Cierra a las 10:30 p. m.,4.6,243,https://lh3.googleusercontent.com/gps-cs-s/APNQkAHX7GF7HyPjELuhE5r2PDUzvMeu-ebzu5iMFCn5akrG9cQmzmkKMwCZAdARHTPqvCy_EtChpannuGXRDF5iqzsveg-0EM3SOdcd_Hyx2fMpMvOmgxSRdL8srkeuKyuPaIkuffh0=w1000-h1000-c-n,,,True,SerpApi Google Maps,restaurantes en San Francisco Panamá,ChIJuQj9H4yprI8RhYbT5RmjRpE,0x8faca98c1ffd08b9:0x9146a319e5d38685,10468233715494651525
Esa Flaca Rica,esa-flaca-rica-157571,,Restaurante,Restaurante,,Panamá,Panamá,,"C. 72 Este 11124, Panamá, Provincia de Panamá",6652-6197,,8.9893927,-79.5076836,Abierto · Cierra a las 11 p. m.,4.5,3562,https://lh3.googleusercontent.com/gps-cs-s/APNQkAEJTaQxZf0opTSkmfyrthOBid6kMsR2Cf5c7bgsZaJIFjsLhWnCxZ9HqypA3UB4qBEZBt5oxZnRmhqSuqwxB-S1p6bit0iY5pIqRyNYg2SXEId4fp5k3NcaACjs8vLQTnirp_w=w1000-h1000-c-n,,,True,SerpApi Google Maps,restaurantes en San Francisco Panamá,ChIJJRvKKASprI8Rgw2ElBfYegE,0x8faca90428ca1b25:0x17ad81794840d83,106635136984157571
Restaurante & Bar Portola,restaurante-bar-portola-206060,,Restaurante,Bar,,Panamá,Panamá,,"XFRW+9F2, C. 75 Este, Panamá, Provincia de Panamá",203-3237,https://www.instagram.com/portola_restaurant/,8.9908893,-79.5038489,Abierto · Cierra a las 4 a. m.,4.4,1414,https://lh3.googleusercontent.com/gps-cs-s/APNQkAGa85OZPwFYrWMxp_Oiackytic2jfOaTZD3Y1xirIjVBcUDC1hbPMHwpCpdBG2PHja-CrvevR4SKn20J7nFBsirB1PvyGxIVRqE6QxfOFMYd0QB1SK_qnaWf92mglaM1MLYUPxgZA=w1000-h1000-c-n,,,True,SerpApi Google Maps,restaurantes en San Francisco Panamá,ChIJJfKZoQiprI8R7AYjxeR0CDs,0x8faca908a199f225:0x3b0874e4c52306ec,4253778373960206060
Espeziak,espeziak-920057,,Restaurante,Restaurante,,Panamá,Panamá,,"C. 67 Este 7507, Panamá, Provincia de Panamá",6569-5384,,8.9890863,-79.5106021,Abierto · Cierra a las 11 p. m.,4.7,106,https://lh3.googleusercontent.com/gps-cs-s/APNQkAFboGLL5GEyNbl9pL-9wfx54Czc6Rp_Tzot7EGgKLLuky5SRJmi3hjDyyhJ22mbAuoa_nwNC48A5mm8oSUYM80hZp4t9mBXcxTpfsPSAar7KOSHvz8li_1xW01zn_FBlKfLZO2EM8tboM8=w1000-h1000-c-n,,,True,SerpApi Google Maps,restaurantes en San Francisco Panamá,ChIJNVKKAwCprI8ROc6QOgaFLHI,0x8faca900038a5235:0x722c85063a90ce39,8227096881097920057
restaurante r.i.c.h.a.,restaurante-r-i-c-h-a-440868,,Restaurante,Restaurante,,Panamá,Panamá,,"Calle los Fundadores, Panamá, Provincia de Panamá",6438-3916,https://restaurantericha.com/,8.990426099999999,-79.5030486,Abierto · Cierra a las 10 p. m.,4.7,102,https://lh3.googleusercontent.com/gps-cs-s/APNQkAGb7TI1DdkYzS1PGmnQ9l2CKEJdKS1qIPgpj42hPlg-gNHIb72DbFCn5BFtYoUCboISTSS4OwlWQeHDppLdJVkOmbjZnMgBSnSbby0r9_W6u03hJEXHz7tS0BqEQQMhgvW_F0x-=w1000-h1000-c-n,,,True,SerpApi Google Maps,restaurantes en San Francisco Panamá,ChIJK1S3ocCprI8RZCTLlqD8mBQ,0x8faca9c0a1b7542b:0x1498fca096cb2464,1484213843873440868
Ahumadospty y Smoked Mamma Pty,ahumadospty-y-smoked-mamma-pty-482298,,Restaurante,Café,,Panamá,Panamá,,"Panamá, Provincia de Panamá",6121-6299,https://wa.me/c/50761216299,8.9883238,-79.50804409999999,Abierto · Cierra a las 10 p. m.,4.7,501,https://lh3.googleusercontent.com/gps-cs-s/APNQkAF5nuiFCkLDU17IwyccLwmUV6y1RAbyBnwC1EXhJqjxywlhSCizzqvUzdjU-rjIfcZAyOvb2HYDa6FuN-3EPZrSPZnrAvMTpqXRL58H_ZfE-PRZjenSnnnMZcFTD_5QcR5sgHyq=w1000-h1000-c-n,,,True,SerpApi Google Maps,restaurantes en San Francisco Panamá,ChIJgVcqEl6prI8RuhC5AMKDAao,0x8faca95e122a5781:0xaa0183c200b910ba,12250217330683482298
CARPE DIEM TERRACE EXPERIENCE,carpe-diem-terrace-experience-349006,,Restaurante,Restaurante,,Panamá,Panamá,,"Carpe diem terrace experience, la 70, C/ 70, Panamá, Provincia de Panamá",6721-0165,,8.988289499999999,-79.5081901,Abierto · Cierra a las 12 a. m.,4.4,107,https://lh3.googleusercontent.com/gps-cs-s/APNQkAFoxp_Ge-FEoG9mwt27RYydVn6urm8g-6Rm_qO9ihRB-s7-fEabz_9HG20uPEIcKJCj9hirIGWoxlVFfJ8C-iSg0nfX17YoivafofMdjss0kom7auyQvjpM3061u4brQDLKJJrfAQ=w1000-h1000-c-n,,,True,SerpApi Google Maps,restaurantes en San Francisco Panamá,ChIJq1UJQUSprI8Rjrga1Lm3_Yg,0x8faca944410955ab:0x88fdb7b9d41ab88e,9871247967021349006
Chevre,chevre-640876,,Restaurante,Restaurante,,Panamá,Panamá,,"Panamá, Provincia de Panamá",6281-9995,,8.9894064,-79.5070775,Abierto · Cierra a las 10 p. m.,4.5,493,https://lh3.googleusercontent.com/gps-cs-s/APNQkAFv5DIp-883jFO9Zc_pO2WCcrD7L5zqRiwDX19unK9Fb21LtvD67tke76SX1F0AYyWqEavTpF28OZN_O9gp6zghxg4gpf3e9NBX82w1eSrEWkpYPdjGGZgnpaTREUQu13LLuj1Q=w1000-h1000-c-n,,,True,SerpApi Google Maps,restaurantes en San Francisco Panamá,ChIJc17fb2aprI8RLG94x9PuDpA,0x8faca9666fdf5e73:0x900eeed3c7786f2c,10380496784487640876
Cantina del Tigre,cantina-del-tigre-904840,,Restaurante,Restaurante,,Panamá,Panamá,,"PLAZA CENTENARIO, C. 68 Este, Panamá, Provincia de Panamá",6436-6188,http://www.cantinadeltigre.com/,8.995365699999999,-79.51144149999999,Abierto · Cierra a las 11 p. m.,4.5,1003,https://lh3.googleusercontent.com/gps-cs-s/APNQkAE4MF5cYJmXlEaRawUG3DBduFp4Iruj3ieK6QCEB1aL5DBpqyKDdOOtU5MP_ghm1MYtLSdKf6H4yNASBn3n5HZfreWc48-jwJpAX8esml-bDrgji794qmlrXvPtFt1nnlPR37W3=w1000-h1000-c-n,,,True,SerpApi Google Maps,restaurantes en San Francisco Panamá,ChIJb8-lq_-prI8RSAAmaaTeuiE,0x8faca9ffaba5cf6f:0x21badea469260048,2430499746639904840
Ciao Bella | San Francisco,ciao-bella-san-francisco-216165,,Restaurante italiano,Italiana,,Panamá,Panamá,,"C. 71 Este, Panamá, Provincia de Panamá",395-6910,https://www.instagram.com/ciaobellapanama/,8.9940609,-79.5087171,Abierto · Cierra a las 9:30 p. m.,4.6,1170,https://lh3.googleusercontent.com/gps-cs-s/APNQkAGYUYY6HfVuOandfkdGifPvpqSQKeUHhFtWKiEylyI9cJR5RChGyYmp0A_88JNCawJsNSnHttFWGcjofAC6es34ppk8j_c3OOuUGe0Y87Elyf4sOUf3DFOTaa7SzRKIaWQuK68jsw=w1000-h1000-c-n,,,True,SerpApi Google Maps,restaurantes en San Francisco Panamá,ChIJsb_bQAeprI8RJXan8QIYsW0,0x8faca90740dbbfb1:0x6db11802f1a77625,7904125221935216165
Sugoi Caribbean Sushi - San Francisco,sugoi-caribbean-sushi-san-francisco-947145,,Restaurante,Sushi,,Panamá,Panamá,,"C. 75 Este, Panamá, Provincia de Panamá",209-1899,https://sugoipty.com/?utm_source=google&utm_medium=organic&utm_content=&utm_campaign=gmb_san_francisco,8.9897218,-79.50343339999999,Abierto · Cierra a las 10 p. m.,4.8,5714,https://lh3.googleusercontent.com/gps-cs-s/APNQkAEUzakxZZI6gZfOKFLYKln7rdj-J2h2mPow3sCzBrcP_9tH_HVZ40Gh2j-6JGBZde5dralkZR-PZT8Ij-UW1Xm3LIJWmuZXrpQ1F9wpP-eECN5U_NdZWZhCZc5buRAbvuIjOpkH=w1000-h1000-c-n,,,True,SerpApi Google Maps,restaurantes en San Francisco Panamá,ChIJR013rQiprI8RSVGyaa3RSNE,0x8faca908ad774d47:0xd148d1ad69b25149,15080533894982947145
Casa Catedral | Restaurante,casa-catedral-restaurante-675535,,Restaurante,Bar,,Panamá,Panamá,,"C. 5a Oeste, Panamá, Provincia de Panamá",6110-6000,https://casacatedralpanama.com/,8.9517577,-79.5345232,Abierto · Cierra a las 10 p. m.,4.6,956,https://lh3.googleusercontent.com/gps-cs-s/APNQkAFVl151PrcdCwKndAT1-acwoTflQYAiKuQNP7huh4PihRXyl9v00zgUfG9bevDbxFe65rxKWq5A7OT3GJB7mTuKgUzVgYbDBanjr76-XsA8ET7kuSYf3p4up_JJc_xW2eLpUeKS=w1000-h1000-c-n,,,True,SerpApi Google Maps,restaurantes en Casco Viejo Panamá,ChIJg8tHK6CvrI8RD1nVzqc7Xno,0x8facafa02b47cb83:0x7a5e3ba7ced5590f,8817550712353675535
Mahalo Cocina y Jardin,mahalo-cocina-y-jardin-151410,,Restaurante,Restaurante,,Panamá,Panamá,,"Las Clementinas Hotel, C. 11 Este, Panamá, Provincia de Panamá",382-6797,http://mahalopanama.com/,8.9534887,-79.53704429999999,Abierto · Cierra a las 10:30 p. m.,4.7,1332,https://lh3.googleusercontent.com/gps-cs-s/APNQkAFVcXZcSpKkRkf9_dKkDtsH7dtuIcPZSfjVuZw3DQZrtP87udg13WLr2zQtyys8D0JRXyOia9md0KkDbnJMHQa0hZT35BMD815AlT0mTomnhOIcGrDE9qOyJ_mYlSu7UtDwHkMd=w1000-h1000-c-n,,,True,SerpApi Google Maps,restaurantes en Casco Viejo Panamá,ChIJAWlqB9-prI8RckOV7P6ERQk,0x8faca9df076a6901:0x94584feec954372,668086350160151410
Kaandela Restaurant,kaandela-restaurant-956619,,Restaurante,Restaurante,,Panamá,Panamá,,"Amarla Casco Viejo Boutique Hotel, Av. Central España 24, Panamá, Provincia de Panamá",6747-0682,https://kaandela.com/reservations/,8.9522649,-79.5337042,Cierra pronto · 5 p. m. · Vuelve a abrir a las 6:30 p. m.,4.8,2253,https://lh3.googleusercontent.com/gps-cs-s/APNQkAH71tgW-aBQREhJOuqHfoQOdHD0yUCQAgVRRjHfGUOkypbFEC9Clzo-bJ38_3GBYLFxjhAx0TVcb6KIaxaY5-FPTytP9MziWpDf7cFUpDl0Jy87nhV4jxGdE8u4zOQnlhA-mQg3_Q=w1000-h1000-c-n,,,True,SerpApi Google Maps,restaurantes en Casco Viejo Panamá,ChIJPaPgYc6prI8RC8x4D8aVKDk,0x8faca9ce61e0a33d:0x392895c60f78cc0b,4118706537125956619
"La Vasquita – Tartas Vascas, Specialty Coffee & Brunch | Casco Viejo",la-vasquita-tartas-vascas-specialty-coffee-brunch-casco-viejo-963995,,Cafetería,Café,,Panamá,Panamá,,"Casa Perez, Av. B, Panamá, Provincia de Panamá",6486-4097,http://www.lavasquita.com/,8.9531747,-79.5352728,Abierto · Cierra a las 10 p. m.,4.9,3090,https://lh3.googleusercontent.com/gps-cs-s/APNQkAF58xd0cNydAr_0xtIYjMPNUKTS9jhAXg9fAYh313cbXAHany9O5JVPELBCsH3-YtGf5cZoKodehIyo2QDtdWLS1wayFxJrnaoTY6YJe88VEe8duzFq5MT6fmCtXUkcxWzjOdOduf7pxBlS=w1000-h1000-c-n,,,True,SerpApi Google Maps,restaurantes en Casco Viejo Panamá,ChIJlb1v6zaprI8RGye-Fu1LXxQ,0x8faca936eb6fbd95:0x145f4bed16be271b,1467975485206963995
La Rana Dorada Casco,la-rana-dorada-casco-026237,,Cervecería artesanal,Bar,,Panamá,Panamá,,Calle 9 con Calle Boquete (Esquina Casco Antiguo,392-0660,http://www.laranadorada.com/,8.952872,-79.5363236,Abierto · Cierra a las 12 a. m.,4.6,3881,https://lh3.googleusercontent.com/gps-cs-s/APNQkAEKnKNlMkpsCmhyYbKRyn_lWNK48L6EvlgCpMt61FG9jNiydlV9ezBy9b-JoQ8s9VCR02nhxCct92ScQM4urevj4wXegpdId-gw2lIR9LDTTL2pncIru3OpExn_BGyx5gf8kSjxpg=w1000-h1000-c-n,,,True,SerpApi Google Maps,restaurantes en Casco Viejo Panamá,ChIJ2WGNlMqorI8RvQbz2EN7HVk,0x8faca8ca948d61d9:0x591d7b43d8f306bd,6421424175033026237
Lula Casco,lula-casco-149396,,Restaurante,Restaurante,,Panamá,Panamá,,"PH University Club, Calle 1, Panamá, Provincia de Panamá",6456-3140,,8.9508628,-79.5324017,Abierto · Cierra a las 10 p. m.,4.7,239,https://lh3.googleusercontent.com/gps-cs-s/APNQkAHrkkUyLHCQ8H5hehZ3KoURE2t_Al46Kj9zKHoEbZZFTzn6y53WbpZ6Ue6kuguLHYgNE0kzVvrd-hYBJOZBEJE5laDsNvUG8nA5Gn7TXSHkavveaj1Q9QZ8RoDBBzaLKS9BSgTD=w1000-h1000-c-n,,,True,SerpApi Google Maps,restaurantes en Casco Viejo Panamá,ChIJoafmE4aprI8RVKzdnnSX92s,0x8faca98613e6a7a1:0x6bf797749eddac54,7779853408443149396
Sama Sky Lounge,sama-sky-lounge-082250,,Coctelería,Italiana,,Panamá,Panamá,,"Oasis Hotel, C. 9a Este, Panama City, Panamá Province",6249-3954,https://honeybadgerbars.com/en/sama,8.9535856,-79.5363186,Abierto · Cierra a las 2 a. m.,4.8,1679,https://lh3.googleusercontent.com/gps-cs-s/APNQkAHV_u8ziJsyIRm0GIW8fEKLt1iM5y3fukxg91J_QCJR5YkWKiTKIseGBJcQGV5-ch8ND5EGRjb1KpX9op3NVE4lSLm-1HdSKqioNkGVfz3EjuD8v5EiCmQwwP2b5xj0eizATLrZ=w1000-h1000-c-n,,,True,SerpApi Google Maps,restaurantes en Casco Viejo Panamá,ChIJ3xE4GdqprI8RisFGo1HxDcQ,0x8faca9da193811df:0xc40df151a346c18a,14127212939065082250
"Restaurante La Casona, Casco Antiguo",restaurante-la-casona-casco-antiguo-112205,,Restaurante,Restaurante,,Panamá,Panamá,,"Plaza Bolivar, Panamá, Provincia de Panamá",6662-0555,https://www.instagram.com/la_casona_cascoantiguo/,8.9533921,-79.5337706,Abierto · Cierra a las 10 p. m.,4.5,46,https://lh3.googleusercontent.com/gps-cs-s/APNQkAHCQeDvif2kLRe4ZgRgNJj6q062H9aNi7p92whpnkY0c-YK7EobQlbRSNeyhymSqbcEqEhyFv9KJvdDjXVp0O0Ztz36elWJZmo_YsX8kGXvnOKBR_Iz16xxL5uRScllFPIYuP7jGgekNyFK=w1000-h1000-c-n,,,True,SerpApi Google Maps,restaurantes en Casco Viejo Panamá,ChIJcajva8eprI8RDSD626CllBw,0x8faca9c76befa871:0x1c94a5a0dbfa200d,2059453039919112205
Luigi's Cucina Povera,luigi-s-cucina-povera-250825,,Restaurante,Restaurante,,Panamá,Panamá,,"Panamá, Provincia de Panamá",302-8888,https://www.hyatt.com/unbound-collection/en-US/ptyub-unbound-hotel-la-compania?src=agn_koddi_crp_chico_ppc_22365339045_Conversion_Unbound_Google_Search_English_PTYUB_PanamaCity_Paid_Brand_CrossDevice_1x1_google_Koddi-TopUp-Evergreen-Brand_e_hotel%20la%20compa%C3%B1ia%20panama%20city&gad_source=1&gad_campaignid=22365339045&gclid=Cj0KCQjwnJfEBhCzARIsAIMtfKLwXBeQCrp9igAlr_qDsbF-_DBgE_-0a27RCHoajgZpTdBqqpgZp2AaAgdYEALw_wcB,8.952354999999999,-79.53539219999999,Abierto · Cierra a las 10:30 p. m.,4.8,217,https://lh3.googleusercontent.com/gps-cs-s/APNQkAHcSb9QgPDQdjOU47rMG9qspUVANXZ4XS_4cmmkpiUAI_YvhKDGrW3Voimb0thajjDp5WuyzQkck-rHfwaFq1TQIM3ddv4iSGsAFd2LK3kbpU5XuD7YzHam-JzrvIlmUB4AErBcqBreW4Dv=w1000-h1000-c-n,,,True,SerpApi Google Maps,restaurantes en Casco Viejo Panamá,ChIJFYUPHwCvrI8RiUHnMJbfrpg,0x8facaf001f0f8515:0x98aedf9630e74189,11001976775871250825
Bocao507 | Casco Antiguo,bocao507-casco-antiguo-416422,,Restaurante,Restaurante,,Panamá,Panamá,,"Panamá casco, Av. A, Panamá, Provincia de Panamá",6482-6286,,8.9514017,-79.5342419,Abierto · Cierra a las 9:30 p. m.,4.4,209,https://lh3.googleusercontent.com/gps-cs-s/APNQkAGm_EcqtiTmr8F7eoJBkoWgaGPsWga3bpGbGfZGbO8E2OD3B3IYbIaMUwY4pAUZP9tZwh7BfJTuvkR-5ZTKTxZ_WnArYiPFXHe6T85OHmoIr2zP7YHZ6gWC2u_zs31EL37DP7cZSwgnFP8R=w1000-h1000-c-n,,,True,SerpApi Google Maps,restaurantes en Casco Viejo Panamá,ChIJYYAcx-CvrI8RZuqqdGdB6Ko,0x8facafe0c71c8061:0xaae8416774aaea66,12315165093639416422
Vista Corona Panamá,vista-corona-panama-078601,,Bar,Bar,,Panamá,Panamá,,"Edificio Casa de Oro, Av. A, Rooftop, Panamá Province",6228-4782,http://www.vistacoronapanama.com/,8.9516715,-79.53606309999999,Abierto · Cierra a las 12 a. m.,4.6,441,https://lh3.googleusercontent.com/gps-cs-s/APNQkAGbA81uZx0kyB2DQTwwDqaBTv6Zs90ReRNo9XPLhegE_JBXnG1m3-Ob4VrWZ33eAl5ZKZMpIYxP08ti4KkaIxrjCSApZvpKPz_CqB1ivVzOTAAToaK9n446K1QFcf4oUJV3ikRM=w1000-h1000-c-n,,,True,SerpApi Google Maps,restaurantes en Casco Viejo Panamá,ChIJUySpZDCvrI8RSe07sJxCbuA,0x8facaf3064a92453:0xe06e429cb03bed49,16171936552673078601
ESTAMBUL CASCO,estambul-casco-611162,,Restaurante,Restaurante,,Panamá,Panamá,,"Panamá, Provincia de Panamá",6835-6708,,8.953612,-79.53757929999999,Abierto · Cierra a las 2 a. m.,4.4,204,https://lh3.googleusercontent.com/gps-cs-s/APNQkAFRUczpmI5QgJ60aM6EQ7fh5RypCQ924aVEoWTl69VoaNkNMNv8_PVE27dAnBBr8Q2d6tySy68QX-s8IyEcu3jQ_m96gTH14-0REIJ9eaTBdMpuLfX7foWfebDWhEb5Rw3cNFWueA=w1000-h1000-c-n,,,True,SerpApi Google Maps,restaurantes en Casco Viejo Panamá,ChIJu8eFi1WprI8RWmhxXcsufyQ,0x8faca9558b85c7bb:0x247f2ecb5d71685a,2629872158388611162
Los Años Locos | Costa del Este,los-anos-locos-costa-del-este-057982,,Restaurante,Restaurante,,Panamá,Panamá,,"Av Marina del Nte, Panama City, Panamá Province",302-0728,,9.0222964,-79.4627727,Abierto · Cierra a las 11 p. m.,4.7,972,https://lh3.googleusercontent.com/gps-cs-s/APNQkAH-q7Me6ixnIAVAkB8yv_6FFcEniR_7mKb6wZLJ9PxiY65-XNzqAV0D1ibtsfst1l9XJZ7cW7B5WuBWJHcEdxd1oEo_En5NH_dawzJYiprr9bkdx9intqj9jgbBMk3yffyosWBGTw=w1000-h1000-c-n,,,True,SerpApi Google Maps,restaurantes en Costa del Este Panamá,ChIJFZ-_MrirrI8RPo-R4f_L658,0x8facabb832bf9f15:0x9febcbffe1918f3e,11523528371419057982
BLUE MOON COSTA DEL ESTE,blue-moon-costa-del-este-100415,,Restaurante,Restaurante,,Panamá,Panamá,,"Blue Moon, Avenida Principal Costa del Este 20503, Panamá, Provincia de Panamá",6403-4214,https://blue-moon.cluvi.co/,9.0164549,-79.470371,Abierto · Cierra a las 12 a. m.,4.5,455,https://lh3.googleusercontent.com/gps-cs-s/APNQkAGZkzrPCQCz3CI5l6-Nkenygg5Ru0mi4HLMlIf3-o1cnG18OuUgqgRQp7Y15IXamPDGxLhZ_xgmqA0P6Uo7MiV8gAuH7qKkWCDHdK7Qm0JUTbovE9kQ1DkonahlF0jjv61G_zOL=w1000-h1000-c-n,,,True,SerpApi Google Maps,restaurantes en Costa del Este Panamá,ChIJ654fBimprI8R__geTd91n90,0x8faca929061f9eeb:0xdd9f75df4d1ef8ff,15969612405611100415
Salvaje Costa del Este,salvaje-costa-del-este-820433,,Restaurante japonés,Restaurante,,Panamá,Panamá,,"P.H. Dream Plaza, Panamá, Provincia de Panamá",6913-9039,,9.0163183,-79.47067299999999,Abierto · Cierra a la 1 a. m.,4.4,1232,https://lh3.googleusercontent.com/gps-cs-s/APNQkAEOMzd0XmqbqKLXYNm76z9lhXQf511rshll-dpuoik1RvizzsyYxx8AVMFeVWwcOtqVz_mXp-OLmIKQlYmU5UIOZjPacYPxsAhTvAtzTdAM7FkgDNgcp9zqPxAbR7bFnAZozGHt=w1000-h1000-c-n,,,True,SerpApi Google Maps,restaurantes en Costa del Este Panamá,ChIJp5cQabiprI8R0SfnWrNl-AE,0x8faca9b8691097a7:0x1f865b35ae727d1,141975209260820433
Tre Scalini | Costa del Este,tre-scalini-costa-del-este-805602,,Restaurante italiano,Italiana,,Panamá,Panamá,,"Av. Centenario, Panamá, Provincia de Panamá",271-0606,http://trescalinipanama.com/,9.0161111,-79.4725,Abierto · Cierra a las 9 p. m.,4.6,531,https://lh3.googleusercontent.com/gps-cs-s/APNQkAGjv1_Pd-zwoFVC-VrnS8RwPdJAf-qTBv2PsLaYaVf9VQJi8Qt5bc9qPKKyU0hCKuUVtePokC6NqgH6WJ3z6xWQI-IW18y5LHrlct2AicLs8b6C3PVfDY24sjZ6mkVNiDHXUX8=w1000-h1000-c-n,,,True,SerpApi Google Maps,restaurantes en Costa del Este Panamá,ChIJY8tiMvWprI8RIvXrUezCVCE,0x8faca9f53262cb63:0x2154c2ec51ebf522,2401758821537805602
Primavera Rooftop,primavera-rooftop-115724,,Restaurante,Rooftop,,Panamá,Panamá,,"MMG Tower, Av Paseo del Mar, Panamá, Provincia de Panamá",6633-0016,https://primaverarooftop.com/,9.008198799999999,-79.4774795,Abierto · Cierra a las 12 a. m.,4.7,81,https://lh3.googleusercontent.com/gps-cs-s/APNQkAGN5-jgw8r2ucWwhSdzBgefNLcX7Mg6rgNtFl3jK-QebKWWNE4Kyungf45Puo5Y9_uh-jlJvavOnlkzdPUszh9NdgaJg1hJFuogK9HUoO09ZRWYWeNSwiBfKTwzBcs4uubt2WCbBR-J6G7T=w1000-h1000-c-n,,,True,SerpApi Google Maps,restaurantes en Costa del Este Panamá,ChIJo5dPvViprI8RjPfgM1-KVsE,0x8faca958bd4f97a3:0xc1568a5f33e0f78c,13931474638814115724
Sushark Costa Del Este,sushark-costa-del-este-148065,,Restaurante,Restaurante,,Panamá,Panamá,,"PH Financial Park, Panamá, Provincia de Panamá",6982-9956,https://www.itssushark.com/,9.0101532,-79.4764919,Abierto · Cierra a las 10 p. m.,4.8,71,https://lh3.googleusercontent.com/gps-cs-s/APNQkAGSz6vRlF-GV6Odha_XM1AXx8Jpun79vacJXxzd_aG8F1XJIaRwC-dTDzzxaK87luesPP2R-tT4N_u4VcS-WpqPVzgOX-CDVlgTQsbozAQXPYv00tTnKz_VL-uiArHekTHeuoIZi3WbcuHw=w1000-h1000-c-n,,,True,SerpApi Google Maps,restaurantes en Costa del Este Panamá,ChIJe4XeteWprI8R4d52CyRa4Mw,0x8faca9e5b5de857b:0xcce05a240b76dee1,14762898689378148065
Madre Cocina Italiana Costa Del Este,madre-cocina-italiana-costa-del-este-006137,,Restaurante,Italiana,,Panamá,Panamá,,"planta baja, Avenida Centenario, Dream Plaza, Panamá",6403-8144,,9.01641,-79.4704245,Abierto · Cierra a las 11 p. m.,4.5,114,https://lh3.googleusercontent.com/gps-cs-s/APNQkAEmRcdkedNnTGfdInEmFcClvWyuGsxZGPDYkJXLRFU41HU20kmBZqRZ3m4Ia8xElBaNdo-HNU676BVWhM4V0Kua34PAXp3TGpkgPvedFbBRwKKuc-uglcYdv-a_pVTfJXlnD9lx=w1000-h1000-c-n,,,True,SerpApi Google Maps,restaurantes en Costa del Este Panamá,ChIJ53ONsUeprI8RObwOLqDBZ1E,0x8faca947b18d73e7:0x5167c1a02e0ebc39,5865869933385006137
American Diner | Costa del Este,american-diner-costa-del-este-098086,,Restaurante americano,Restaurante,,Panamá,Panamá,,"2G5G+X6M, Av. de la Rotonda, Panamá, Provincia de Panamá",6234-4604,,9.0099529,-79.4744516,Abierto · Cierra a las 7 p. m.,4.8,48,https://lh3.googleusercontent.com/gps-cs-s/APNQkAF0lbh6vHINzXPbu_Nfose02t0p9bFeHrUQrj0OinbEpyL0O9Izfuk8-ZStICt1GbBcGaK1M39j3PlBu7ZFQLHyk2HrQcyMe4FnOY835nUAVkjePrwve0sAWDtT4pq8yCQ6dohK7Enh2LU=w1000-h1000-c-n,,,True,SerpApi Google Maps,restaurantes en Costa del Este Panamá,ChIJeV3DPACprI8RJgWIyg7rGgU,0x8faca9003cc35d79:0x51aeb0eca880526,367864768344098086
Café Bilal | Costa del Este,cafe-bilal-costa-del-este-284654,,Restaurante,Café,,Panamá,Panamá,,"Av. Costa del Mar, Panamá, Provincia de Panamá",309-8330,,9.011406299999999,-79.4650779,Abierto · Cierra a las 12 a. m.,4.5,858,https://lh3.googleusercontent.com/gps-cs-s/APNQkAEF0fbS-JPVrnOumuJvMBCqk5dSLBVdbVA1vZ3OujgJf6lYjPWZ-LplJukIajupgcP8CyEV7Ns9jE2u3pI-XJMNh46JGpy5Zmm9hSZKGNkxa-qX-STouf6FcZBDi1R1DNKt28Wk=w1000-h1000-c-n,,,True,SerpApi Google Maps,restaurantes en Costa del Este Panamá,ChIJ0xk5XCGqrI8R7l4vgarsJLg,0x8facaa215c3919d3:0xb824ecaa812f5eee,13268990619196284654
ACHA | Costa del Este,acha-costa-del-este-815134,,Restaurante,Restaurante,,Panamá,Panamá,,"2G5F+8H6, Panamá, Provincia de Panamá",396-7754,https://achapanama.com/,9.008296,-79.47609419999999,Abierto · Cierra a las 11 p. m.,4.6,721,https://lh3.googleusercontent.com/gps-cs-s/APNQkAHdhFuXJpxB7Trw3c3dWeZD5260RkMzckTUMyzqg8pqO2AFQTY7Z5enWgNaRMGKZpacWy10d5AJgxKTyERP1rcLxM9U_7fmG6oKijIijYa6nqLlakXxa5SoMKcZalbIRJ_IhC5X0g=w1000-h1000-c-n,,,True,SerpApi Google Maps,restaurantes en Costa del Este Panamá,ChIJrzrfEYmprI8RXtdOwsZbVkQ,0x8faca98911df3aaf:0x44565bc6c24ed75e,4924224151797815134
La Strega Ristorante | Costa del Este,la-strega-ristorante-costa-del-este-720826,,Restaurante italiano,Italiana,,Panamá,Panamá,,"Edificio Time Square, local 6, Av. Costa del Sol PB, Panamá",305-0160,https://lastregaristorante.com/,9.0158325,-79.4668624,Abierto · Cierra a las 10 p. m.,4.5,377,https://lh3.googleusercontent.com/gps-cs-s/APNQkAG7NMFi8qHWLJfQUq3NlEO4QFDu2vSBYFJSUphRX2fKlQpYDcGhXAOlPCujFsuzyGbr9vh3nbsBMVfgGpje_t0dQ2HRp12kFZLvcpjwOZfrIqntbkfwSX_LcmJnsMQYIt3pJWE_=w1000-h1000-c-n,,,True,SerpApi Google Maps,restaurantes en Costa del Este Panamá,ChIJtXQ7eMKrrI8Reu1c38sqpaI,0x8facabc2783b74b5:0xa2a52acbdf5ced7a,11719820660415720826
La 10 - Costa Del Este,la-10-costa-del-este-317852,,Bar restaurante,Bar,,Panamá,Panamá,,"Costa del Este Panama Desing Center Local 29-30, Panama City",,https://instagram.com/la10panama?igshid=MzRlODBiNWFlZA==,9.012650299999999,-79.4674534,Abierto · Cierra a las 12 a. m.,4.2,852,https://lh3.googleusercontent.com/gps-cs-s/APNQkAEp3domf8GmFDFQnE9aZhkTxHs43wwSiKfetjxS22Mk1H3eLIWiGCfs-vOWKGObjyrOGml5EPTVYvJ-AraYssKjcbmHsRuxT-TODfCA0l8JCR_i0rMT2Iw4PXb1n1oL1xNaYagrbA=w1000-h1000-c-n,,,True,SerpApi Google Maps,restaurantes en Costa del Este Panamá,ChIJibhwaXOrrI8RHDNYk5CPgo0,0x8facab736970b889:0x8d828f909358331c,10196870357430317852
Restaurante Nazca 21 Costa del Este,restaurante-nazca-21-costa-del-este-886160,,Restaurante peruano,Restaurante,,Panamá,Panamá,,"Av. de la Rotonda, Panamá, Provincia de Panamá",386-5002,https://nazca21restaurant.com/,9.0097193,-79.47473509999999,Abierto · Cierra a las 9:30 p. m.,4.7,546,https://lh3.googleusercontent.com/gps-cs-s/APNQkAEPd5GtaUV_3xJGMNa1s9m-IU92eUBKnJr4CFE4S0BcQ7CyCBr9V1RLXGO_tDwRomJUGqZnHPCLrebebYSfYSy0klc6LIrUBe1jXnajtZxkCETruFYOtXt33Pd_udQmnjzc18Gn=w1000-h1000-c-n,,,True,SerpApi Google Maps,restaurantes en Costa del Este Panamá,ChIJ3YrCNdKprI8REDe9_RkbJQg,0x8faca9d235c28add:0x8251b19fdbd3710,586905124886886160
Casa Santa - Costa del Este,casa-santa-costa-del-este-552702,,Restaurante familiar,Restaurante,,Panamá,Panamá,,"Panamá, Provincia de Panamá",6324-1129,https://www.instagram.com/casasantapanama?igsh=dmRndnVuMTVxanNh&utm_source=qr,9.009735,-79.4745875,Abierto · Cierra a las 11 p. m.,4.4,200,https://lh3.googleusercontent.com/gps-cs-s/APNQkAETiLNSKzPLa7er_qB0KAz5tyYOZCjDCvF5uzmbCuMnjbGjDbxMS-aN8X6CMj54AmB-bpKftyx7IzsMG4n-hZfIXn5ta1q1ggquDJfkU-GWu0ixYNQ5OIYYSZO-_pYjSkqyno_ERg=w1000-h1000-c-n,,,True,SerpApi Google Maps,restaurantes en Costa del Este Panamá,ChIJ3wGRuYeprI8RPmUSvmZVDw4,0x8faca987b99101df:0xe0f5566be12653e,1013122340945552702
Ciao Ragazzi | Costa del Este,ciao-ragazzi-costa-del-este-126694,,Restaurante,Restaurante,,Panamá,Panamá,,"Segundo Piso, Ocean Mall, Panamá, Provincia de Panamá",385-8850,http://ciaoragazzigroup.com/,9.0101088,-79.47446699999999,Abierto · Cierra a las 9:30 p. m.,4.7,406,https://lh3.googleusercontent.com/gps-cs-s/APNQkAGQ4fBosmBvbFZSTuTBqYVzhUL10l4BF5eFJV6PSlU2R9AbuGs4verSOeIYL9D3LkxH7Uj1IYk8sXU_Zo7aKz5WIxfNEf6SE4xgpE0OKwMb-BObqWEAJUJAZHj4HMTSPA5F3DKI=w1000-h1000-c-n,,,True,SerpApi Google Maps,restaurantes en Costa del Este Panamá,ChIJkWXd7o6prI8R5s0xT8XgD_8,0x8faca98eeedd6591:0xff0fe0c54f31cde6,18379155742364126694
Patagonia | Costa del Este,patagonia-costa-del-este-146056,,Restaurante,Restaurante,,Panamá,Panamá,,"PH Arcadia, C. Río Mar, Panama City, Panamá Province",6372-2719,https://www.instagram.com/patagoniaparrillargentina/?hl=es,9.0135611,-79.46871159999999,Abierto · Cierra a las 10 p. m.,4.7,15,https://lh3.googleusercontent.com/gps-cs-s/APNQkAE4nF5YjCaPYyhU64L4_9ZqHSwdou8ZufFj468NsVZ_xvhbyy8k200cCzOz4LSMQ-EoP09WUazxHMiCaySNXDX8uTrC3aU-Pa2hABGh1V1lNthSB2LR0plmvoQ03txhq8e3Z7b21Ma2wgbC=w1000-h1000-c-n,,,True,SerpApi Google Maps,restaurantes en Costa del Este Panamá,ChIJRSs9GiCrrI8RCDVGzqvuglA,0x8facab201a3d2b45:0x5082eeabce463508,5801461691674146056
Olive Garden | Town Center Costa del Este,olive-garden-town-center-costa-del-este-137963,,Restaurante italiano,Italiana,,Panamá,Panamá,,"Town Center, Av Paseo del Mar, Panamá, Provincia de Panamá",273-1001,https://olivegarden.com.pa/,9.0136292,-79.4650599,Abierto · Cierra a las 9 p. m.,4.9,1187,https://lh3.googleusercontent.com/gps-cs-s/APNQkAE_gl9qBE2CE1KYFRA5eIQv4ohKo-xu3MYSp0TD-QPVklkJ8nvD9I9XLJ0xJcdZGRoNA53fYngWbfsoLd5V1V11-j2x83m9FnqUi-s8NvIbysF9ON7TkkT_he8w_Cz4ZDNt73xxvslXtbA=w1000-h1000-c-n,,,True,SerpApi Google Maps,restaurantes en Costa del Este Panamá,ChIJ-58NrDCrrI8RKzqsUTBFdOI,0x8facab30ac0d9ffb:0xe274453051ac3a2b,16317743423701137963
La Talanquera del Este,la-talanquera-del-este-421003,,Restaurante,Restaurante,,Panamá,Panamá,,"Av. Vista del Pacífico, Panamá, Provincia de Panamá",6600-3414,https://www.latalanquerapty.com/,9.009348899999999,-79.4771193,Abierto · Cierra a las 10 p. m.,4.7,375,https://lh3.googleusercontent.com/gps-cs-s/APNQkAGGzBOHfUbcW-b5gsWxZ_0QZn8c01m4kMazNVrItvpHcGOXyYmXK9MmGiD1i-J2B_4rCxXvrCw5_QNn1N7HnVf5x4NFTH8WHU8CiUwjYFxqYckjEm8dhpToId7WMG3Xy7Y5ScLx=w1000-h1000-c-n,,,True,SerpApi Google Maps,restaurantes en Costa del Este Panamá,ChIJSzuKTDuprI8RC-d7-jOkJvA,0x8faca93b4c8a3b4b:0xf026a433fa7be70b,17304699161370421003
Slabón | Costa del Este,slabon-costa-del-este-539275,,Restaurante,Restaurante,,Panamá,Panamá,,"Av. Costa del Mar, Panamá, Provincia de Panamá",388-5902,http://www.slabonpanama.com/,9.0114527,-79.465136,Abierto · Cierra a las 10 p. m.,4.5,1313,https://lh3.googleusercontent.com/gps-cs-s/APNQkAGCArTKYRkBJ4TvAQbLpWRfgO3T1YHFKE1t_VKl76BUIhiTd2ZItAEKgD3o4DpcKF5bIA4lgsFzwDm59yuhrPFC5SELzs0G8UxS7zIWmQKfa9SR9POS01SRVDETxj3RmmL6gtqB=w1000-h1000-c-n,,,True,SerpApi Google Maps,restaurantes en Costa del Este Panamá,ChIJObmAMvWprI8Ry8drdccmfdk,0x8faca9f53280b939:0xd97d26c7756bc7cb,15671724916429539275
Pretelt Gourmet Meats | Costa del Este,pretelt-gourmet-meats-costa-del-este-385557,,Restaurante,Restaurante,,Panamá,Panamá,,"Ave. Centenario, Plaza Procenter, Local 1, Av. Centenario, Panamá",830-5177,https://preteltmeats.com/sucursal-pretelt-costa-del-este/,9.0143527,-79.4801756,Abierto · Cierra a las 9 p. m.,4.6,375,https://lh3.googleusercontent.com/gps-cs-s/APNQkAHaz5Pj1edAIrCzIjjTFhQwiU73f5RJ6_eMdy6WuhqJcT8EXZF589Ij2hIm6KgDwJlXJWgtwhVQ0-KDsmAapzIzmyzbWiHywg_4SzuHWBjtAf2yMMiznCDGGze1L-P7QqGB_XcRtg=w1000-h1000-c-n,,,True,SerpApi Google Maps,restaurantes en Costa del Este Panamá,ChIJbwrNbI2prI8RlR5HJeoDv94,0x8faca98d6ccd0a6f:0xdebf03ea25471e95,16050551901154385557
Salchimama,salchimama-764413,,Restaurante de comida rápida,Salchipapas,,Panamá,Panamá,,"primer local en la plaza de foodtrucks, C. 50, Panamá, Provincia de Panamá",6816-9887,,8.9924241,-79.5093649,Abierto · Cierra a las 11:30 p. m.,4.5,24,https://lh3.googleusercontent.com/gps-cs-s/APNQkAG-yKuvcNP9-XocA3w6ip9HHj5ngUEal_caVXMnFstVlh6Bt7B_naoULm-gvgd2l5S8VIoOdic5XxmnsLWzc0tmFUEvfXn0_Ljnc2qWqIIgMSsth6nOc6WkDY7IXMyLd8HaysDb=w1000-h1000-c-n,,,True,SerpApi Google Maps,salchipapas en Ciudad de Panamá,ChIJfdZjDruprI8R_YxHlSaPf4Q,0x8faca9bb0e63d67d:0x847f8f2695478cfd,9547507130924764413
"Gastronomía Zuliana - Salchipapas, Almuerzos y Comida Venezolana",gastronomia-zuliana-salchipapas-almuerzos-y-comida-venezolana-055981,,Restaurante de brunch,Salchipapas,,Panamá,Panamá,,"plaza food truck Market, C. 67 Este, Panamá, Provincia de Panamá",6377-5265,,8.9936765,-79.5119296,Abierto · Cierra a las 10:30 p. m.,5.0,5,https://lh3.googleusercontent.com/gps-proxy/ALd4DhFlYsohlNzZkKBvjhve4LD0RYNO1A3RJJskDcqt5nvFRFgatVsfCaOvJdEgfE64jKe-pxrMB0rIQQwEYXj_VkvE2s4GkNW7kDElafjDhLWUbZV4xV88lvpi2SdmS7Ndgr_T3nA1S4ouiNT7OO_bUyd6XvwWVXGs4D06JU4F_we4oatcqpHAuOUs=w1000-h1000-c-n,,,True,SerpApi Google Maps,salchipapas en Ciudad de Panamá,ChIJyw3vX3qprI8RLa9Fd8Yq-NI,0x8faca97a5fef0dcb:0xd2f82ac67745af2d,15201947574082055981
Chamo Pana,chamo-pana-840684,,Restaurante de comida rápida,Salchipapas,,Panamá,Panamá,,"San Miguelito, Provincia de Panamá",6942-6237,,8.9747301,-79.5347285,Abierto · Cierra a las 3 a. m.,4.2,167,https://lh3.googleusercontent.com/gps-cs-s/APNQkAH9YnW9FA6dumBTJRzCeJUPsydvDEdncJl3H1LHyzDcogUb017fG555cKhsSl1IkvjTBVDG2YsQok9xD2icgqdb25aa5IQU0KOf7Bu1no7hCp8ZKsCO5tI11P9DI9RDyyvrNBCefA=w1000-h1000-c-n,,,True,SerpApi Google Maps,salchipapas en Ciudad de Panamá,ChIJe76GfOqorI8RrPNELC4qM1M,0x8faca8ea7c86be7b:0x53332a2e2c44f3ac,5995181906759840684
Poty salchipapas,poty-salchipapas-183639,,Hamburguesería,Salchipapas,,Panamá,Panamá,,"El coco, calle caridad, Panamá, Provincia de Panamá",6201-5181,,8.9722967,-79.5620726,Abierto · Cierra a las 11 p. m.,3.0,3,https://lh3.googleusercontent.com/gps-cs-s/APNQkAEypzPRLQFF55vNGWmiC4ayEerGcby9D1v2dwpWKDgRbkN3nDxbo1BnG2YjN5nR6Ubj3BEb9eDir18Pp7psYNH5CVyp0CTooa9YwhNxYKE23JSFwwh88NYDsvlXcVvsdU0n8fPL7w=w1000-h1000-c-n,,,True,SerpApi Google Maps,salchipapas en Ciudad de Panamá,ChIJQRXQpj2nrI8RF_vAyxUcjbk,0x8faca73da6d01541:0xb98d1c15cbc0fb17,13370373748671183639
Salchipapas Karen,salchipapas-karen-634944,,,Salchipapas,,Panamá,Panamá,,"Calle 71 B 71, San Miguelito, Provincia de Panamá",6094-2455,,9.072201999999999,-79.4812738,Abierto · Cierra a las 11:30 p. m.,5.0,6,https://lh3.googleusercontent.com/gps-cs-s/APNQkAH4bbORbQLHt1buBaAdc3Sn-MbLqB8fWH5uIfkgRY7MaLsd8y8q0gS0rL4__ZwPRsMG99-Tp6f-L5CxVSmKbe4LhwiJ-2YWucVx3b3fjpOgJiR21Jyu8sBQksdy6fSs5SoGQCdrfYlLVlVr=w1000-h1000-c-n,,,True,SerpApi Google Maps,salchipapas en Ciudad de Panamá,ChIJ9xb0iPRXq48RwHd54f1TLgo,0x8fab57f488f416f7:0xa2e53fde17977c0,733616139182634944
​Waro's Grill | Salchipapas y Pepitos en San Antonio,waro-s-grill-salchipapas-y-pepitos-en-san-antonio-388130,,Comida a domicilio,Salchipapas,,Panamá,Panamá,,"C. Los Jazmines, San Miguelito, Provincia de Panamá",6014-0194,https://www.instagram.com/warosgril?igsh=MXRvOGFvMWhmaGs2MA==,9.0672555,-79.440697,Cerrado · Abre a las 9 p. m.,5.0,3,https://lh3.googleusercontent.com/gps-cs-s/APNQkAEqsg52imJF7G0ZUUmiwMxP6heoz2nGSwdn5T5WvuJ04DjGpYXea7YzlzL_QVIq-7m6ijROZ99l3c2oVJWXcidCe-r1n55Rp3IbBBik_CawxCOcon2Bi5VNoqLYKPqUciAJTIe8R6QqvfHF=w1000-h1000-c-n,,,True,SerpApi Google Maps,salchipapas en Ciudad de Panamá,ChIJyzE6eYxVq48RYu89rO83o0Q,0x8fab558c793a31cb:0x44a337efac3def62,4945858318309388130
Papas Locas Parque Lefevre,papas-locas-parque-lefevre-611133,,Restaurante de comida rápida,Salchipapas,,Panamá,Panamá,,"2G72+VMH, Panamá, Provincia de Panamá",6170-6416,,9.0146778,-79.49826589999999,Abierto · Cierra a las 12 a. m.,3.8,129,https://lh3.googleusercontent.com/gps-cs-s/APNQkAHP5fPm4z-7B7F0agOcgHlHjsUikqne3GhtXvRipg91AKI7ZQMru6UY0d7282vWza5jts0KpFsO17xdWMCxZgydBuHkkJZp10kJxrM9EBMhBWuIOr-3VVdjmOwaRhDGJ_U14T0Hqz05XhA=w1000-h1000-c-n,,,True,SerpApi Google Maps,salchipapas en Ciudad de Panamá,ChIJjzqWUKmprI8RPap6hyhoGpY,0x8faca9a950963a8f:0x961a6828877aaa3d,10816071978364611133
Mr Frías,mr-frias-860536,,Restaurante de comida rápida,Salchipapas,,Panamá,Panamá,,"Plaza La Lupita, C. 50, Panamá, Provincia de Panamá",6659-8463,,8.9922211,-79.50975559999999,Abierto · Cierra a las 11:45 p. m.,4.8,4,https://lh3.googleusercontent.com/gps-proxy/ALd4DhFDuKbkEm-RiHRWviGiLac1jDpLaexyWV7WUmJJYZsGmny2x8zPEO6zSSQbNKaGRpt_nmbHXLbGYsnMyKOZhQ0Kahm_8I-WNXnGmd7mZ6fh59X-PZNn0-7Y2SwO5ZG4YGL4Bndhx6YyQQhdowVYNVHKVpgaffagW8PXsqWh_HpwAZEJYRSPzTbY=w1000-h1000-c-n,,,True,SerpApi Google Maps,salchipapas en Ciudad de Panamá,ChIJRzntKgCprI8ReOUV5UMfIWU,0x8faca9002aed3947:0x65211f43e515e578,7287140048528860536
Monchi's,monchi-s-137536,,Restaurante de comida rápida,Salchipapas,,Panamá,Panamá,,Los libertadores Edificio z2 local PB 4,6150-1640,,9.0258995,-79.5207412,Abierto · Cierra a las 10:30 p. m.,4.0,1,https://lh3.googleusercontent.com/gps-cs-s/APNQkAHuMuVB02CPPWm2Ul1BZKfSVOerXxjlt4TkOYBgFCH2EfIL4Mp1GadBLau6RPMkW4HmjohNJe1ps3GReyR8PaZ0bqyoGotrN1CYAWdlVvOqKJFBdWexcXaGO2D1HvzxnmuUbXY=w1000-h1000-c-n,,,True,SerpApi Google Maps,salchipapas en Ciudad de Panamá,ChIJha42YNyprI8RAIGNtvrzM2Q,0x8faca9dc6036ae85:0x6433f3fab68d8100,7220382885735137536
Salchipaisitaspty,salchipaisitaspty-232234,,Restaurante,Salchipapas,,Panamá,Panamá,,"Vía Israel, Panamá, Provincia de Panamá",,,8.981119,-79.5160027,,3.5,15,https://lh3.googleusercontent.com/gps-cs-s/APNQkAHnP6Z8BcPPR-Z9Y1DpyYF4e9-prbUcKRoTjDagcwRPb1OQvXrcQMsKpab09aKnUPR4CCGtK99yox5BWl0KZSVwC39htJByzWj-AZzAV34Ko2gCp5F1mPjcj4xwEYCbEWeY9hP6o6ttreDr=w1000-h1000-c-n,,,True,SerpApi Google Maps,salchipapas en Ciudad de Panamá,ChIJB5CjyCCprI8R6ggUsL-Cadw,0x8faca920c8a39007:0xdc6982bfb01408ea,15882369320703232234
Papas Locas,papas-locas-776438,,Restaurante,Salchipapas,,Panamá,Panamá,,"2GV6+MH9, C. 15, Panamá, Provincia de Panamá",6321-1005,,9.044164799999999,-79.4885312,Abierto · Cierra a las 11 p. m.,4.0,171,https://lh3.googleusercontent.com/gps-proxy/ALd4DhFYaaFepe3KCNkZxfglmPUpPkDhQAAT5A-iUMPlRbufkstEMHLvVO75nM5gkxJE44wEaHzJ_TXTVrFbAR3v2rnsjghuUDFd9W98MY4qLYlJJNcvuqtCSywJGtbbY_HeGkZaXlfjsT1ZTzimwMKMZ8nFGjdSMLqEKQN22FQ8_4axHNA7G4UToW-nLA=w1000-h1000-c-n,,,True,SerpApi Google Maps,salchipapas en Ciudad de Panamá,ChIJW_B_F3JXq48RNjs-y-jl5sw,0x8fab5772177ff05b:0xcce6e5e8cb3e3b36,14764741216385776438
Comidas rapidas luva,comidas-rapidas-luva-406233,,Restaurante,Salchipapas,,Panamá,Panamá,,"El Crisol, Panamá, Provincia de Panamá",6778-9551,,9.0478311,-79.4736243,Abierto · Cierra a las 11:30 p. m.,4.2,6,https://lh3.googleusercontent.com/gps-cs-s/APNQkAFNNMqhZGxcFQfqL7BvolY9WuPi0FcQ9AyLZF_Mmxv-dPqO0jou27HvpxF6Jvqj7YM1XqxX2sb97jCf3lE8vtg-_Oeo-GG8YqAcS5ENU7E_cyxoR_LWda294LGhep2ayd_pnQq5sg=w1000-h1000-c-n,,,True,SerpApi Google Maps,salchipapas en Ciudad de Panamá,ChIJAR6NKlhXq48R2adaEcrRfD4,0x8fab57582a8d1e01:0x3e7cd1ca115aa7d9,4502704393268406233
Donde Timoty,donde-timoty-355011,,Restaurante,Salchipapas,,Panamá,Panamá,,"san miguelito, Los Andes, Panamá",6826-0909,https://instagram.com/dondetimoty?igshid=YmMyMTA2M2Y=,9.0513431,-79.5104415,Cerrado · Abre a las 5:30 p. m.,4.5,13,https://lh3.googleusercontent.com/gps-cs-s/APNQkAFwY4rAO_D-igtsB0lSGp0uwlb18OJdJxt2NZOIF79_hsNNYGnNrf188lUg3-cpaKRGpn3H9zOVnFgw4yhCrEB00COHV2osr9g4LrtM4tMIZrc96QMJP7n4mmw3D2DxkZ7U0dM=w1000-h1000-c-n,,,True,SerpApi Google Maps,salchipapas en Ciudad de Panamá,ChIJjT6YTlRXq48RA6lAL74nS8I,0x8fab57544e983e8d:0xc24b27be2f40a903,14000327564401355011
Salchiburger co.,salchiburger-co-410852,,Hamburguesería,Salchipapas,,Panamá,Panamá,,"XFQC+GWX, Vía Argentina, Panama City, Panamá Province",,,8.9888511,-79.5276354,,4.4,13,https://lh3.googleusercontent.com/gps-cs-s/APNQkAHxgIeml7Hlkr8OamCCQcICWNVJehw8yd8LwGlkCokgkFREwphHu4E8AHVimTBedigWeeizq-eSBV9tSclBnqgwExfEIIy6M3blNXCQ55WymXbXiPdEjJn92xOfA-0dZ5bQ9_tPBs2HfLQ=w1000-h1000-c-n,,,True,SerpApi Google Maps,salchipapas en Ciudad de Panamá,ChIJD8jsFgCprI8RZMGGdFAlPEM,0x8faca90016ecc80f:0x433c25507486c164,4844788326626410852
Aji de Cali,aji-de-cali-018498,,Restaurante de comida rápida,Salchipapas,,Panamá,Panamá,,"2HWQ+J37, C. Escandinavos, Panamá, Provincia de Panamá",6347-8265,,9.0465422,-79.4123417,Abierto · Cierra a las 10:30 p. m.,4.6,116,https://lh3.googleusercontent.com/gps-cs-s/APNQkAHf9p97EDTQpeivrLMiL4KFfoXelj_dLYkveNx-Dv-4xFDr7fYhy3enimByP61Z-mcYTAPY0rjRT-BbFqKGk2q5qyTnhFqr2ecZZvd4mR_23dT0a1gjxy74Vz8vfC93Ik3CuS0b=w1000-h1000-c-n,,,True,SerpApi Google Maps,salchipapas en Ciudad de Panamá,ChIJdddwYYFVq48RwnBi2SHWHaY,0x8fab55816170d775:0xa61dd621d96270c2,11969958825490018498
Pepito's Village | Vía España,pepito-s-village-via-espana-557074,,Restaurante,Salchipapas,,Panamá,Panamá,,"Cruce Vía España y, Av. 12 de Octubre, Panamá",6616-4094,https://instagram.com/pepitosvillage?igshid=YmMyMTA2M2Y=,9.0082009,-79.5080594,Abierto · Cierra a las 12 a. m.,4.2,143,https://lh3.googleusercontent.com/gps-proxy/ALd4DhG7Glx8UNDWr8aVS7PVQuh-2skuK-hykpFjVIWebQ_i9_bJk_i-l9t-ALTGGg3AvkUHMUz4YUA70qeomIkqLadBH5t2e7JshpaZ9URpNUT_85shT0QFa-h1cBb_rbDbAcgt2nj0yx5AkJ47sSPviek7IYFPZEdnAeYyKkRDb3JTGrPfqYZbKBLE=w1000-h1000-c-n,,,True,SerpApi Google Maps,salchipapas en Ciudad de Panamá,ChIJoygVxZyprI8R0vj2WcVCM6c,0x8faca99cc51528a3:0xa73342c559f6f8d2,12048046843531557074
Pa Onde el Gocho,pa-onde-el-gocho-636694,,Restaurante de comida rápida,Salchipapas,,Panamá,Panamá,,"Plaza Chicheme cars wash, Calle Jorge A. Zarak, Panamá, Provincia de Panamá",6470-7805,https://paondeelgocho.waiterio.com/,9.0012173,-79.51938369999999,Abierto · Cierra a las 11:55 p. m.,4.9,11,https://lh3.googleusercontent.com/gps-cs-s/APNQkAGy4vjSGF_pgKWVyK4B02zLPAwW17cuP43xMabTB8ZsVwMYXvMdkovcLfc6Sk5dxCdiq76Uurn2-Gkahw7i9RG44-CRPJEOx2ggVYh5WFw62qpt8OdupzhTrmt7lxD2yGtDJqV_Pva4y34I=w1000-h1000-c-n,,,True,SerpApi Google Maps,salchipapas en Ciudad de Panamá,ChIJsWfskf2prI8RVlCKefUhfew,0x8faca9fd91ec67b1:0xec7d21f5798a5056,17040813903229636694
Salchipapas El Cielo,salchipapas-el-cielo-852872,,Restaurante,Salchipapas,,Panamá,Panamá,,"Brisas del Golf, Panamá, Provincia de Panamá",,,9.0701593,-79.4609514,Abierto · Cierra a las 11 p. m.,,0,https://streetviewpixels-pa.googleapis.com/v1/thumbnail?panoid=hs3YmVsqEVzepY82gI3kHw&cb_client=search.gws-prod.gps&w=80&h=92&yaw=244.4448&pitch=0&thumbfov=100,,,True,SerpApi Google Maps,salchipapas en Ciudad de Panamá,ChIJNUmH9CpVq48RSFfPEhL6zVA,0x8fab552af4874935:0x50cdfa1212cf5748,5822584848791852872
DONDE LOLO,donde-lolo-608092,,Hamburguesería,Salchipapas,,Panamá,Panamá,,"Avenida Porras a 50 metros del Super 99, Av. Dr. Belisario Porras, Panamá",6354-2933,,8.9928898,-79.51691699999999,Abierto · Cierra a la 1 a. m.,4.5,279,https://lh3.googleusercontent.com/gps-proxy/ALd4DhEEZGmZIGeevpcKamCCcI0bvcPLfvCb9V6e9oDDnJw37TcKY5rVvwsWYfAM58PQTm_nI7w5Vdqtz16zUrBpSLdpg2y8xbsIrk5C9hOdHxi1cb1MGchGO8EAIl4rjmn93U7-rSfczL6Z8JT2eQl76tvWMKOB4hcI3zar4UQX5FPrC-L-oQ17AOVZ=w1000-h1000-c-n,,,True,SerpApi Google Maps,salchipapas en Ciudad de Panamá,ChIJO9LwanuprI8RXFFF7VPmf2I,0x8faca97b6af0d23b:0x627fe653ed45515c,7097644785896608092
Que Riko,que-riko-314024,,Restaurante,Salchipapas,,Panamá,Panamá,,"Plaza Strip, Calle 58 Este 58, Panamá",391-9313,http://www.queriko.com/,8.988090699999999,-79.5191251,Abierto · Cierra a las 10 p. m.,4.5,160,https://lh3.googleusercontent.com/gps-proxy/ALd4DhFYuiVqH-T4Lm7oRDz8MiW7I5gDQyWpLS5ljivyYVlTrh3j_FbrKjwaRF5xjlCbK5l5rxCYNJMuIOBHSZmmS7IeHMzCfZtKOG4Jvh_3sKrzQ0cmhKXQvxeDsKnwTnkkeKXi0BkrmSipKb7mkZ5el4orcxKsW_gNoQ2VJLjrQvSxMiHNUaP_qrJddg=w1000-h1000-c-n,,,True,SerpApi Google Maps,salchipapas en Ciudad de Panamá,ChIJy4_7B5CprI8R6BvexWXD_0E,0x8faca99007fb8fcb:0x41ffc365c5de1be8,4755734573405314024
Épicos Panamá,epicos-panama-676703,,Hamburguesería,Hamburguesas,,Panamá,Panamá,,"C. 62 A Este 80, Panama City, Panamá Province",6929-9565,https://www.facebook.com/epicos.panama/,8.994792499999999,-79.517645,Abierto · Cierra a las 9 p. m.,4.9,126,https://lh3.googleusercontent.com/gps-cs-s/APNQkAFP9oxlyGpn_NHtQm-uhaek9DtH42Rt20ymX9_zQbtxkEdzy0iUXhm4c_QhhqJX38UpT3SX-FhEXKmOUzBBgugS71ooI-ehyDJmop5Dx6FFYzMHUoRNUdVuRGb17hBfjykeJ4L5gw=w1000-h1000-c-n,,,True,SerpApi Google Maps,hamburguesas en Ciudad de Panamá,ChIJ31YxdwCprI8RH83HFSC9Rvs,0x8faca900773156df:0xfb46bd2015c7cd1f,18106367297391676703
Oh My Burger!,oh-my-burger-081574,,Restaurante,Hamburguesas,,Panamá,Panamá,,"C. 74 Este, Panamá, Provincia de Panamá",6451-9938,,8.9908744,-79.5050146,Abierto · Cierra a las 9:30 p. m.,4.7,274,https://lh3.googleusercontent.com/gps-cs-s/APNQkAETnvWBlhYavHJvGkCR7A3Kpg56yEuTQjWKEuw_tdKxc23O63admfVMFV_cBbKkgbszeU7vGym8AlhADilxNWi8_lnmIUCifX51SfPm2O8unlKrefKGIwNypYW9fhMSrD364ECs=w1000-h1000-c-n,,,True,SerpApi Google Maps,hamburguesas en Ciudad de Panamá,ChIJnYAoqPaprI8RprBLovhVpuw,0x8faca9f6a828809d:0xeca655f8a24bb0a6,17052411565448081574
El Container Food City,el-container-food-city-296881,,Hamburguesería,Hamburguesas,,Panamá,Panamá,,"XFH9+8W9, Panamá, Provincia de Panamá",6042-7457,https://www.instagram.com/elcontainerfood/?hl=es,8.9780213,-79.5301248,Abierto · Cierra a las 11 p. m.,4.8,1163,https://lh3.googleusercontent.com/gps-proxy/ALd4DhGlKTl70_c3KpHNahannQondPLErv6S2e1l8rFRMmSNowl0jqiVqwFzEtF_c5nFtHoUxDoGicG-CGqn2uX2TUNoBk4SNVfjLe2Zk0NMlu2vSV06evA1Shebhs7jUXATudgpGJztIINxHh4IDCqyT7GVtgY0295C9gUUQ-fOT7gLt_Ny9TTmn1kV5g=w1000-h1000-c-n,,,True,SerpApi Google Maps,hamburguesas en Ciudad de Panamá,ChIJHeBXjKuprI8R8RJh3TwuGfM,0x8faca9ab8c57e01d:0xf3192e3cdd6112f1,17517083064581296881
Grazza Smash Burger | San Francisco,grazza-smash-burger-san-francisco-708252,,Hamburguesería,Hamburguesas,,Panamá,Panamá,,"Spot 74, C. 74 Este, Panamá, Provincia de Panamá",6839-0452,https://www.grazzapanama.com/,8.9916919,-79.505678,Abierto · Cierra a las 10:30 p. m.,5.0,29,https://lh3.googleusercontent.com/gps-cs-s/APNQkAHejlhQBa7XkpAzr0IVp18rmGaOh8JZkPZZh3WJ_7j8PywZRf4SgqXTWsbwdEHOr05QsT3yrIBcFdMP_kG5Bfwp8JvNI1E4sd7LmZu-9gjiSpEC9F8po5izS1u3O6R9d-TXoSOs18dV8ypk=w1000-h1000-c-n,,,True,SerpApi Google Maps,hamburguesas en Ciudad de Panamá,ChIJo0s8dY2prI8RnPQrQKVrOVY,0x8faca98d753c4ba3:0x56396ba5402bf49c,6213115518424708252
Esa Flaca Rica,esa-flaca-rica-832967,,Hamburguesería,Hamburguesas,,Panamá,Panamá,,"C. Primera H 19001, Panama City, Panamá Province",386-4073,,9.0091713,-79.4777819,Abierto · Cierra a las 11 p. m.,4.5,244,https://lh3.googleusercontent.com/gps-proxy/ALd4DhEOhX7uDSmxciklUu3tRPVjYoI3FvJ2YSq_dVt0m1m-04aTGELyGdBAg6rOJMDnNyoL-Jd9sQO8FTqyzJaH7JDMzOqODsqurAAC0tK1VXRX0B3H--hmCagVzAOJ09jyp7_Spom43zybRL4CyUOui8vAJmi7rPFZmNXKpOnRvrjUF7xOKBStGE2F=w1000-h1000-c-n,,,True,SerpApi Google Maps,hamburguesas en Ciudad de Panamá,ChIJLyEqIEWprI8RRwOqDRm2BE8,0x8faca945202a212f:0x4f04b6190daa0347,5693876047622832967
Beauty and the Butcher,beauty-and-the-butcher-407759,,Restaurante,Hamburguesas,,Panamá,Panamá,,"PH Teatro Aurora, Calle B y, Panamá, Provincia de Panamá",6973-8807,https://beautyandthebutcher.com/,8.953143299999999,-79.5380799,Abierto · Cierra a las 10 p. m.,4.4,1086,https://lh3.googleusercontent.com/gps-cs-s/APNQkAF86C2efDJGyWSH1P-B_Rkr-6y2YdJ4ob1LwhAhPQCzeR8-mAKATNsQsMhN3tZadEdrPVHuNvm6sbB6ZGI43veJc8cZmrpOMWzgWWDWMBW6rU-pL0CkjHd97iuj87egmDgvSTi4N1a1w5ET=w1000-h1000-c-n,,,True,SerpApi Google Maps,hamburguesas en Ciudad de Panamá,ChIJvdLrNk6prI8RD_IhXISTbjA,0x8faca94e36ebd2bd:0x306e93845c21f20f,3489888957949407759
Slabón | Obarrio,slabon-obarrio-541776,,Hamburguesería,Hamburguesas,,Panamá,Panamá,,"59 Plaza Strip, Calle 58 Este, Panamá",397-1853,http://slabonpanama.com/,8.9880056,-79.51910939999999,Abierto · Cierra a las 10 p. m.,4.5,1655,https://lh3.googleusercontent.com/gps-cs-s/APNQkAFR1H9IOgJGUM4E3swWqoGMtOJry8e8k23o6_Dh518LlQH38UMDNPNz7PQOIgkd8UsD_RWcZ3j143l-6s34oYWt2dR4bZteocvIHNmGD_EiS5KcCQ_hC1bcYFtsyMj_tEBjTmDQzw=w1000-h1000-c-n,,,True,SerpApi Google Maps,hamburguesas en Ciudad de Panamá,ChIJ48-TXPyorI8RkKNZkNrYWLg,0x8faca8fc5c93cfe3:0xb858d8da9059a390,13283605534165541776
Anti Burger | San Francisco,anti-burger-san-francisco-581570,,Restaurante,Hamburguesas,,Panamá,Panamá,,"Frente a la Academia de Musica de Panama, Calle 71 San Francisco, Panama City, Panamá Province",,http://www.instagram.com/anti.burger,8.9898589,-79.5080266,Abierto · Cierra a las 10 p. m.,4.6,1574,https://lh3.googleusercontent.com/gps-cs-s/APNQkAFE2j1xVG84TWr57RbKAwxiBqYPAkUg49XDuOcXQdhv9ozOmbZAml5NPPt2LdRNyRleygFd1zbfgDa4KtnskeHK2KpFuubnOxrmwh24wWP6QLGSBQCVja4wTD_aW3LTLV9sh9Q=w1000-h1000-c-n,,,True,SerpApi Google Maps,hamburguesas en Ciudad de Panamá,ChIJ2QeMAwqprI8RQlbbcoZt8N4,0x8faca90a038c07d9:0xdef06d8672db5642,16064460295050581570
Speed 99 Burger,speed-99-burger-841235,,Hamburguesería,Hamburguesas,,Panamá,Panamá,,"Transístmica, Panamá, Provincia de Panamá",,https://www.instagram.com/speed99burger?igsh=OGx2cnRkMGcwNWpp,8.997033499999999,-79.526697,Abierto · Cierra a las 11 p. m.,4.6,98,https://lh3.googleusercontent.com/gps-cs-s/APNQkAETvV7d_ofGet3CRKCd6KqeFDLC5-fINhhc08tOrYUG_ojjri7dUX0IDB--qmNmcbWf4FzEYWNJUmhR-82jaw40U2ToGMNvMq9u0-pvTuYCVlu_3EGEVviHtX6187dyXSMYTeQwsA=w1000-h1000-c-n,,,True,SerpApi Google Maps,hamburguesas en Ciudad de Panamá,ChIJ5e0zo1uprI8RE88Q_cAY5mM,0x8faca95ba333ede5:0x63e618c0fd10cf13,7198468271556841235
Yoss Burger Bar,yoss-burger-bar-816790,,Hamburguesería,Hamburguesas,,Panamá,Panamá,,"Av. 8 Sur 8201-02, Panamá, Provincia de Panamá",373-3801,,8.9784419,-79.5124642,Abierto · Cierra a las 11 p. m.,4.7,354,https://lh3.googleusercontent.com/gps-cs-s/APNQkAG_mvzHOEIQH0lN9y9L_FpRBqYUVAc1_LTmxuIkXEU_JrPOfCbEMoZNdi5PTf-sRXhIcIg9dhvt5dJ8x8fjdZREo9hsMpUjYHtmCQdZXfqsSaICl3UuIo0fUwNZTm8K4xpWkF7W=w1000-h1000-c-n,,,True,SerpApi Google Maps,hamburguesas en Ciudad de Panamá,ChIJ9e7vKb-prI8R1tkfIOdYHBg,0x8faca9bf29efeef5:0x181c58e7201fd9d6,1737361305957816790
Rock Burger San Francisco,rock-burger-san-francisco-258918,,Hamburguesería,Hamburguesas,,Panamá,Panamá,,"Plaza La Peatonal 68, Panamá, Provincia de Panamá",317-4129,http://www.rockburgerpanama.com/,8.993829,-79.51110489999999,Abierto · Cierra a las 9:30 p. m.,4.1,316,https://lh3.googleusercontent.com/gps-cs-s/APNQkAHQk0MhYVLfkz381dfZOHe1Xv7qGKaPbji-6CdHLVIDr86tl8ApRhy9gB2Y718Fz406xDO9QaBkIumKXAIzixQCaHDG6ZAmD3oI04J8sznXju1AxuFid3YNeH9mQJwH1cKbY0JNHw=w1000-h1000-c-n,,,True,SerpApi Google Maps,hamburguesas en Ciudad de Panamá,ChIJ3yB6OJCprI8RZtdU42fHZ1o,0x8faca990387a20df:0x5a67c767e354d766,6514394635024258918
Hamburguesía Panamá,hamburguesia-panama-628973,,Hamburguesería,Hamburguesas,,Panamá,Panamá,,"C. 71 Este, Panamá, Provincia de Panamá",399-3366,https://hamburguesiapanama.com/,8.9880364,-79.50743969999999,Cerrado · Abre a las 12 p. m. del mar,4.6,1096,https://lh3.googleusercontent.com/gps-cs-s/APNQkAGNJrBwDDdZJZk39zsZxGDaSROplu5YYYMQ22koJjO_LRjNGfYBDjEuOW8HwURfWXQQ7RJOP6wpkuLf3bTW4w0jjhCVkJBUuphCU6sEkdqFPGRXF66m1VTtJeArb5LI71xjxEBgWA=w1000-h1000-c-n,,,True,SerpApi Google Maps,hamburguesas en Ciudad de Panamá,ChIJR5M6SQSprI8Rrc3KXvFTkGU,0x8faca904493a9347:0x659053f15ecacdad,7318441690619628973
Fosters | Soho City Center,fosters-soho-city-center-151762,,Hamburguesería,Hamburguesas,,Panamá,Panamá,,"Soho City Center, Panamá, Provincia de Panamá",6231-9291,http://www.fosterspanama.com/,8.983310699999999,-79.5191279,Abierto · Cierra a las 10 p. m.,4.8,2202,https://lh3.googleusercontent.com/gps-cs-s/APNQkAEFX_LMtQIEXhcqag9jmPr-IPStSUMlByrlm-YfWIFA0kDj0iN1f1KynTArcAXf64xmztahNjUNQMPxuHJapvyBic6Tnhzq2H09ytz-Xyoi-i4fZ0uxRcSp6WvatvYcPhpGlVhY=w1000-h1000-c-n,,,True,SerpApi Google Maps,hamburguesas en Ciudad de Panamá,ChIJ6ddMcJCprI8R0pDfYGpni_s,0x8faca990704cd7e9:0xfb8b676a60df90d2,18125694831872151762
Hamburguesas Vaqueras,hamburguesas-vaqueras-687513,,Restaurante,Hamburguesas,,Panamá,Panamá,,"C/ 70, Panamá, Provincia de Panamá",322-6682,,8.9922506,-79.5093248,Abierto · Cierra a las 9 p. m.,4.5,570,https://lh3.googleusercontent.com/gps-cs-s/APNQkAHAHfAaUBqF235V5KLuwpfd5JjX8dWq9weTbzvJWzj3FWXnFTKO5jwDMg91-KZefeSRYAlSloVo4zUWJ3fxFqjmCBXi7nw-RO-Ye2Y4hLs-HOgG1Vm5vFbGKfJjnbW2xiwtDJFC=w1000-h1000-c-n,,,True,SerpApi Google Maps,hamburguesas en Ciudad de Panamá,ChIJtS66jQSprI8RGSFRWIATEls,0x8faca9048dba2eb5:0x5b12138058512119,6562329048990687513
BURGER GUYS,burger-guys-006873,,Hamburguesería,Hamburguesas,,Panamá,Panamá,,"Calle 68 Este, Panama City, Panamá Province",6801-2299,,8.9908892,-79.5105176,Abierto · Cierra a las 9:45 p. m.,4.2,77,https://lh3.googleusercontent.com/gps-cs-s/APNQkAF8NYySFuzNjk4ueHjDYFTt-TIQoEFooN1iDX7BuEWpKCns8WwALsxEoWSowhsaDqBsUBw_jQ604TbNnAVE1dNYyH_kkWpDeucB7UcHksgVt5fKADsSCY-OInPJfBcYPeBSn8XxRkUZjfQs=w1000-h1000-c-n,,,True,SerpApi Google Maps,hamburguesas en Ciudad de Panamá,ChIJiWeWYACprI8RGUho5ubMS-Q,0x8faca90060966789:0xe44bcce6e6684819,16450467355981006873
HIDDENS (Find The Flavor),hiddens-find-the-flavor-976550,,Hamburguesería,Hamburguesas,,Panamá,Panamá,,"XFQG+32J, C. Alberto Navarro, Panamá, Provincia de Panamá",,,8.9877088,-79.5249977,Cerrado · Abre a las 5 p. m.,4.8,117,https://lh3.googleusercontent.com/gps-proxy/ALd4DhEFdCHsQsIGylKoYwjs9hJQCnxRuHinSSsMxi9OdRhcrmnC8i2XzywixpPJJsbY6vJiBwhGgcw9be9e2_He_gt57VYhIdHIQv6eMu7Kb0ocnf5AhNaxNoc-RzEMc_25mr8yNnSRPF--E2Ukgc1PAch3WONwrDpnYzO5aVOosvIOp9qGGeRh_4SF=w1000-h1000-c-n,,,True,SerpApi Google Maps,hamburguesas en Ciudad de Panamá,ChIJ06vJOQCprI8R5sz7i5PSITg,0x8faca90039c9abd3:0x3821d2938bfbcce6,4044745471505976550
Fat lady Costa del Este,fat-lady-costa-del-este-439880,,Restaurante de comida rápida,Hamburguesas,,Panamá,Panamá,,"Plaza Royal-R, Panamá, Provincia de Panamá",6997-5152,,9.0169718,-79.4644057,Abierto · Cierra a las 9:30 p. m.,4.3,81,https://lh3.googleusercontent.com/gps-cs-s/APNQkAG43NyB6JlJQ9bGC-gx7Y0GSrCtX83bNTOf8ZBsmU2CfPOpMuPK7XFJrDxzl1gfTlSYX2WI5w4r-rbv6ZkI9pW18MBwmxIQBxGme_DKBEeZD-oKzL7XnJVLmb1Ew-uZDoZWQLfkFg=w1000-h1000-c-n,,,True,SerpApi Google Maps,hamburguesas en Ciudad de Panamá,ChIJQT-TLMirrI8RCMyCXwMpMHk,0x8facabc82c933f41:0x793029035f82cc08,8732524771935439880
Hamburguesas Vaqueras | Tumba Muerto,hamburguesas-vaqueras-tumba-muerto-579389,,Hamburguesería,Hamburguesas,,Panamá,Panamá,,"2FJJ+3M7, Galeria Square, Vía Ricardo J. Alfaro, Panamá, Provincia de Panamá",,,9.0302574,-79.518236,Abierto las 24 horas,4.1,117,https://lh3.googleusercontent.com/gps-cs-s/APNQkAEe8qz0hOXenJ0UDl_QB04KkqSzxHvmaZUPs3mI8rGrOcjQQyhV5NnIQGrbHee4z-IzrvotUC2R7oP7DEHBpjdF8RBaHPMqJkxoViwyXVlsGG5_ZsyFjUayhos9qFr9M_LYwDRm=w1000-h1000-c-n,,,True,SerpApi Google Maps,hamburguesas en Ciudad de Panamá,ChIJtRWtnpqprI8RvS5NP3DQsQI,0x8faca99a9ead15b5:0x2b1d0703f4d2ebd,194165439470579389
Peix Kru,peix-kru-371698,,Restaurante japonés,Sushi,,Panamá,Panamá,,"Wanders and Yoo, Panamá, Provincia de Panamá",6346-4744,,8.9806943,-79.51693809999999,Abierto · Cierra a las 12 a. m.,4.7,70,https://lh3.googleusercontent.com/gps-cs-s/APNQkAEyh45NFt_m5gbEIRO394j57DA8qUHMTHikfulZZ8hOS4Gg9AeBstn8UTPwjAMeaU-MbxTC7eE0OsdBD7dy3XkpGhYymOWwbBCh9wMZbOvfjFjw-kf_KloQKWFvtgymBTg5VLzAT1XaanAw=w1000-h1000-c-n,,,True,SerpApi Google Maps,sushi en Ciudad de Panamá,ChIJUUZX4ESprI8Rcg_K7IUQobo,0x8faca944e0574651:0xbaa11085ecca0f72,13448048129694371698
Sushi Miyagi by Yerson Maldonado,sushi-miyagi-by-yerson-maldonado-699103,,Restaurante de sushi,Sushi,,Panamá,Panamá,,"Vía Argentina, Panamá, Provincia de Panamá",6415-5177,,8.988078699999999,-79.5240175,Abierto · Cierra a las 9:30 p. m.,4.9,133,https://lh3.googleusercontent.com/gps-cs-s/APNQkAEI6CKgUaW70WUOIH7NERBWG-a1aWoxnSa6yL6fjOOQ8ndsPlZq0RgYy3lhyVbDwmvN6vnO58gPeZqxhMxsWyPT6MT7X-FwSf1VqtrmsMNBPKgQ0n9QaAdEAseJze431K5GYi92=w1000-h1000-c-n,,,True,SerpApi Google Maps,sushi en Ciudad de Panamá,ChIJQQtBsaaprI8Rn5EeQGenlbo,0x8faca9a6b1410b41:0xba95a767401e919f,13444836324483699103
Sugoi Caribbean Sushi | El Cangrejo,sugoi-caribbean-sushi-el-cangrejo-681968,,Restaurante especializado en fusión asiática,Sushi,,Panamá,Panamá,,"PB Hotel Principe, C. Alberto Navarro, Panamá, Provincia de Panamá",209-1899,https://sugoipty.com/?utm_source=google&utm_medium=organic&utm_content=&utm_campaign=gmb_el_cangrejo,8.987480699999999,-79.5245647,Abierto · Cierra a las 10 p. m.,4.8,5619,https://lh3.googleusercontent.com/gps-cs-s/APNQkAHjt-fx15UO40zZG7RcoqvRk376pKJVNZ4Snex6GymNGP7_4Hi_0HiQ4uvboM9DJBUrjMGyUVMRK4fdv185GYTlM9bWRtZa1jIG4q7TRriMv-T97_cmm3SHHIQxyQI5yXy8zJ4fzQ=w1000-h1000-c-n,,,True,SerpApi Google Maps,sushi en Ciudad de Panamá,ChIJL-GN9_qorI8RMArEHjEQS-8,0x8faca8faf78de12f:0xef4b10311ec40a30,17242893401473681968
Umi,umi-721577,,Restaurante japonés,Sushi,,Panamá,Panamá,,"Plaza 54, Av. Samuel Lewis, Panamá, Provincia de Panamá",6675-6277,https://www.umi.bar/,8.9852207,-79.5219217,Abierto · Cierra a las 12 a. m.,4.6,144,https://lh3.googleusercontent.com/gps-cs-s/APNQkAH6HSTz36-Q8ULYRKlCBpvOyuUzoCiKsrvF_rKyD3LFb_8H2lAQZBoaJabxMeb2O9wWSPwcW7HwQXzqVaWaPAk9qQPNZCeO3Ewx_nOQqSoKz49LDJDMt5UndsNIAaZMR5FIR5Hwju3blzE=w1000-h1000-c-n,,,True,SerpApi Google Maps,sushi en Ciudad de Panamá,ChIJi8oYpxeprI8RKWJZNTzk63Y,0x8faca917a718ca8b:0x76ebe43c35596229,8569193663246721577
Restaurante Hikaru,restaurante-hikaru-513502,,Restaurante japonés,Sushi,,Panamá,Panamá,,"C. Anastacio Ruíz Noriega, Panamá, Provincia de Panamá",203-5087,https://hikaru.restaurant/,8.978752199999999,-79.5200914,Abierto · Cierra a las 10 p. m.,4.5,593,https://lh3.googleusercontent.com/gps-cs-s/APNQkAEcsXEM_dQspNxY5R_syeOULgbeZp7sp556oFanJQIuPNG_2FX7cj8IoETd3C0NZ4rodha-AuCTAh3XdUCjJp6zfY7k87-aRjkaBNFupco2nHVjLYuWtncsOy3NRPY4ZqJHUFbO=w1000-h1000-c-n,,,True,SerpApi Google Maps,sushi en Ciudad de Panamá,ChIJmWECW-GorI8RHkAZbvo8AcA,0x8faca8e15b026199:0xc0013cfa6e19401e,13835406576545513502
Nación Sushi • Panamá Pacífico,nacion-sushi-panama-pacifico-288919,,Restaurante de sushi,Sushi,,Panamá,Panamá,,"Blvd. Panamá Pacífico, Panamá, Provincia de Panamá Oeste",343-4189,https://nacionsushi.com/pa/,8.926659299999999,-79.5933052,Abierto · Cierra a las 11 p. m.,4.5,275,https://lh3.googleusercontent.com/gps-proxy/ALd4DhF86tLf7ZiDbRTcEleaSeKWTT3egML8IhnkUyYisLHeHG3iDf7ISOH185oFnbXWNrV2L-TSQgUf37xnS-6kfraHZEyGsB7EQK4su02iRg9EUTDTPqZ8VxGJWqDe8Vm6TSmTTl3h3PPrvOv4MdmCIk0oTBdLk9-NG75cSEZbVGG15CoRLHNvA8EB=w1000-h1000-c-n,,,True,SerpApi Google Maps,sushi en Ciudad de Panamá,ChIJMT6G0eilrI8RlzHL_90Peqg,0x8faca5e8d1863e31:0xa87a0fddffcb3197,12140033191684288919
Nación Sushi | Casco Antiguo,nacion-sushi-casco-antiguo-938819,,Restaurante de sushi,Sushi,,Panamá,Panamá,,"Av. A, Panamá, Provincia de Panamá",6364-2340,https://nacionsushi.com/pa/,8.9515174,-79.5354334,Abierto · Cierra a las 9:30 p. m.,4.6,1065,https://lh3.googleusercontent.com/gps-proxy/ALd4DhF86tLf7ZiDbRTcEleaSeKWTT3egML8IhnkUyYisLHeHG3iDf7ISOH185oFnbXWNrV2L-TSQgUf37xnS-6kfraHZEyGsB7EQK4su02iRg9EUTDTPqZ8VxGJWqDe8Vm6TSmTTl3h3PPrvOv4MdmCIk0oTBdLk9-NG75cSEZbVGG15CoRLHNvA8EB=w1000-h1000-c-n,,,True,SerpApi Google Maps,sushi en Ciudad de Panamá,ChIJSZPRRTWvrI8RA2wwexpiRa4,0x8facaf3545d19349:0xae45621a7b306c03,12557551001867938819
Restaurante Makoto,restaurante-makoto-872642,,Restaurante,Sushi,,Panamá,Panamá,,"Obarrio, Kenex Plaza, C. 59 Este, Panamá, Provincia de Panamá",830-2736,http://makotopanama.com/,8.9874007,-79.5177801,Abierto · Cierra a las 10:30 p. m.,4.7,1235,https://lh3.googleusercontent.com/gps-cs-s/APNQkAH0gfVCi-SgXcwXEuKRpw4eBlVf1ubSAowGL1aIN7LWOKy_8_QxFvhHzC6thRp-OtnLwYC-mvcAuyXFSvvHo6_ZPieP-inEDlsIpHu4s-An0HPZA3imqgtXo5S0pm-xck160Lrw=w1000-h1000-c-n,,,True,SerpApi Google Maps,sushi en Ciudad de Panamá,ChIJVcviqf2orI8RQuqzC5rn5bc,0x8faca8fda9e2cb55:0xb7e5e79a0bb3ea42,13251252127414872642
Nación Sushi | Do it Center El Dorado,nacion-sushi-do-it-center-el-dorado-724732,,Restaurante de sushi,Sushi,,Panamá,Panamá,,"Av. Miguel A. Brostella, Panamá, Provincia de Panamá",382-3540,http://www.naciondelivery.com/,9.0068871,-79.5381936,Abierto · Cierra a las 11 p. m.,4.7,1150,https://lh3.googleusercontent.com/gps-proxy/ALd4DhH_HbHYiM-UmZKSAtLIgAmGJn3zZiHvj8ZP1yAJ0xO4P2tXTkgRO1AdGWpEuwtbtei0o48U8xUUZ__7B0ENUiwSV-4OTqxV1E55hCcZypZpBsw6Ly2T1OaenO_la5CLKJKFA5YDzVRxXTxXt5QeQA36Fu6tx6l-tglnrHTKKxNQWod5ehN-Yb0aYw=w1000-h1000-c-n,,,True,SerpApi Google Maps,sushi en Ciudad de Panamá,ChIJdUax8mCprI8RvCw9BIvgAqU,0x8faca960f2b14675:0xa502e08b043d2cbc,11890312853887724732
Matsuei Sushi Bar Panama,matsuei-sushi-bar-panama-353441,,Restaurante japonés auténtico,Sushi,,Panamá,Panamá,,"C. Eusebio A. Morales 12-A, Panamá, Provincia de Panamá",6330-4455,http://www.matsueipanama.com/,8.9868426,-79.5255983,Cerrado · Abre a las 12 p. m. del mar,4.7,938,https://lh3.googleusercontent.com/gps-cs-s/APNQkAEO42SX3pfRDI8XxKUh83i7Tgw3YYBS6bW0Mvc6JIBoro1OiLXKidsIANLQV9PlB8g1Q0HHHHsHrcyRNcCR9kablyyRkU7ur3ubWmjX0AW9sYdrSZpH7BRerkRj6ss1-nVALo6T4Q=w1000-h1000-c-n,,,True,SerpApi Google Maps,sushi en Ciudad de Panamá,ChIJ0TSOkfqorI8RYf1h7e6Hi_o,0x8faca8fa918e34d1:0xfa8b87eeed61fd61,18053672991499353441
Nación Sushi | San Francisco,nacion-sushi-san-francisco-937417,,Restaurante de sushi,Sushi,,Panamá,Panamá,,"Panamá, Provincia de Panamá",386-4128,https://nacionsushi.com/pa/,8.9913294,-79.5029708,Abierto · Cierra a las 11 p. m.,4.7,1799,https://lh3.googleusercontent.com/gps-proxy/ALd4DhH_HbHYiM-UmZKSAtLIgAmGJn3zZiHvj8ZP1yAJ0xO4P2tXTkgRO1AdGWpEuwtbtei0o48U8xUUZ__7B0ENUiwSV-4OTqxV1E55hCcZypZpBsw6Ly2T1OaenO_la5CLKJKFA5YDzVRxXTxXt5QeQA36Fu6tx6l-tglnrHTKKxNQWod5ehN-Yb0aYw=w1000-h1000-c-n,,,True,SerpApi Google Maps,sushi en Ciudad de Panamá,ChIJW7dwkwiprI8Ryd2OjEhH2ZQ,0x8faca9089370b75b:0x94d947488c8eddc9,10725682364480937417
Nación Sushi | Soho City Center,nacion-sushi-soho-city-center-956179,,Restaurante de sushi,Sushi,,Panamá,Panamá,,"Soho City Center, C. 50, Panamá, Provincia de Panamá",302-6413,https://nacionsushi.com/pa/,8.983108399999999,-79.5190385,Abierto · Cierra a las 11 p. m.,4.6,804,https://lh3.googleusercontent.com/gps-proxy/ALd4DhH_HbHYiM-UmZKSAtLIgAmGJn3zZiHvj8ZP1yAJ0xO4P2tXTkgRO1AdGWpEuwtbtei0o48U8xUUZ__7B0ENUiwSV-4OTqxV1E55hCcZypZpBsw6Ly2T1OaenO_la5CLKJKFA5YDzVRxXTxXt5QeQA36Fu6tx6l-tglnrHTKKxNQWod5ehN-Yb0aYw=w1000-h1000-c-n,,,True,SerpApi Google Maps,sushi en Ciudad de Panamá,ChIJOYgSsAuprI8R09YSM0Moq-M,0x8faca90bb0128839:0xe3ab28433312d6d3,16405250336711956179
Nacionsushi I Villa Lucre,nacionsushi-i-villa-lucre-214104,,Restaurante de sushi,Sushi,,Panamá,Panamá,,"Royal plaza corp, Blvd. Villa Lucre, Panamá, Provincia de Panamá",208-5512,https://nacionsushi.com/pa/,9.0394869,-79.47991329999999,Abierto · Cierra a las 10 p. m.,4.7,242,https://lh3.googleusercontent.com/gps-proxy/ALd4DhF86tLf7ZiDbRTcEleaSeKWTT3egML8IhnkUyYisLHeHG3iDf7ISOH185oFnbXWNrV2L-TSQgUf37xnS-6kfraHZEyGsB7EQK4su02iRg9EUTDTPqZ8VxGJWqDe8Vm6TSmTTl3h3PPrvOv4MdmCIk0oTBdLk9-NG75cSEZbVGG15CoRLHNvA8EB=w1000-h1000-c-n,,,True,SerpApi Google Maps,sushi en Ciudad de Panamá,ChIJz09OOexXq48R2KlyMDHgayU,0x8fab57ec394e4fcf:0x256be0313072a9d8,2696495303782214104
Sushi kazoku costa del este,sushi-kazoku-costa-del-este-262590,,Restaurante,Sushi,,Panamá,Panamá,,"lote H53, Av. de la Rotonda, Panamá, Provincia de Panamá",6058-1385,,9.0095605,-79.47646309999999,Abierto · Cierra a las 10:30 p. m.,4.8,31,https://lh3.googleusercontent.com/gps-cs-s/APNQkAEmXDW6RZDcW56X52i_Fjmsrq-re-no6kWCBw_U34ihs05FIT3s6LSAONoZJOKBuA7V3r2xOjebNXb5Fy3YYTc6u9EaJJ4sK7f2KoozuPjpkCDrFbNrW3O5tC-Leqzf-SQR2OoQ_Q=w1000-h1000-c-n,,,True,SerpApi Google Maps,sushi en Ciudad de Panamá,ChIJuev_WdOprI8RfoV6sZnaQow,0x8faca9d359ffebb9:0x8c42da99b17a857e,10106880867415262590
Sugoi Caribbean Sushi - Condado del Rey,sugoi-caribbean-sushi-condado-del-rey-277366,,Restaurante especializado en fusión asiática,Sushi,,Panamá,Panamá,,"Centennial, Plaza Boulevard, Panamá, Provincia de Panamá",209-1899,https://sugoipty.com/?utm_source=google&utm_medium=organic&utm_content=&utm_campaign=gmb_condado_del_rey,9.0322801,-79.5337931,Abierto · Cierra a las 10 p. m.,4.9,3681,https://lh3.googleusercontent.com/gps-cs-s/APNQkAE0fdRKuKiIgh57cu0D0g6tVHY8xYY1nJ1Djh1U64VT113BCRGOhFSngF2BuWGcddRIMifd3_7RIqz32p4L2DUarAdP0Rc44KM5OmKzpWaxHxE5HgZyefC855xod2WMXli9xRs=w1000-h1000-c-n,,,True,SerpApi Google Maps,sushi en Ciudad de Panamá,ChIJBbjg-0aprI8RdowPF_2n8SI,0x8faca946fbe0b805:0x22f1a7fd170f8c76,2517978372132277366
Nación Sushi | Costa del Este,nacion-sushi-costa-del-este-316646,,Restaurante de sushi,Sushi,,Panamá,Panamá,,"2G6G+9M8, BLADEX, Torre V, Business Park, Av. de la Rotonda, Panamá, Provincia de Panamá",209-1515,https://nacionsushi.com/pa/,9.010859,-79.4732368,Abierto · Cierra a las 11 p. m.,4.6,1881,https://lh3.googleusercontent.com/gps-proxy/ALd4DhH_HbHYiM-UmZKSAtLIgAmGJn3zZiHvj8ZP1yAJ0xO4P2tXTkgRO1AdGWpEuwtbtei0o48U8xUUZ__7B0ENUiwSV-4OTqxV1E55hCcZypZpBsw6Ly2T1OaenO_la5CLKJKFA5YDzVRxXTxXt5QeQA36Fu6tx6l-tglnrHTKKxNQWod5ehN-Yb0aYw=w1000-h1000-c-n,,,True,SerpApi Google Maps,sushi en Ciudad de Panamá,ChIJg9-_zI6prI8RphwlzXWUQ3E,0x8faca98eccbfdf83:0x71439475cd251ca6,8161530183399316646
Wasabi Sushi Ramen and Poke,wasabi-sushi-ramen-and-poke-677493,,Restaurante de sushi,Sushi,,Panamá,Panamá,,"Av. Samuel Lewis Con, C. 59 Este, Panamá",6332-6920,https://wasabi.pidepaya.com/,8.9875127,-79.5182854,Abierto · Cierra a las 8:30 p. m.,4.8,198,https://lh3.googleusercontent.com/gps-cs-s/APNQkAGNFY9n_k-2YtvmVI9yOtBsnkuIXhIc-7rw3Hsgkm891SmwtGzZyWCcIRACY06o3viko0G3O0Z13x1jh_Vi0iVe6Ica0GrjTon1cCAc6powWmH327TRC0M0r5M9iNpUhJpQDm43=w1000-h1000-c-n,,,True,SerpApi Google Maps,sushi en Ciudad de Panamá,ChIJt09qMTeprI8RNb07WOTM57o,0x8faca937316a4fb7:0xbae7cce4583bbd35,13467958491779677493
Sushi Market Panamá Oficial San Francisco,sushi-market-panama-oficial-san-francisco-982293,,Restaurante japonés,Sushi,,Panamá,Panamá,,"C. Belén, Panamá, Provincia de Panamá",398-1515,,8.9935353,-79.5124357,Abierto · Cierra a las 10 p. m.,4.6,713,https://lh3.googleusercontent.com/gps-proxy/ALd4DhFE9X9qOOXMMv2NXkD_3WbJRny2F4K1YS5YPQklYzGs3-3uDk_f07fdr4xxYRjT4EYp3EoXWtqSiaw1DmE76tFhfobr1hUoTaiJj_4_8T9JjLeh_2lhP_ufiIVGf2cqVsXEKzffqmt1UFZep2snExuXmHeTy5GO4cuTAi7fdndGeBA0W8uQXJ-Hig=w1000-h1000-c-n,,,True,SerpApi Google Maps,sushi en Ciudad de Panamá,ChIJn69J9gCprI8RFeM-nTkpHOs,0x8faca900f649af9f:0xeb1c29399d3ee315,16941461225688982293
Fukuoka Sushi,fukuoka-sushi-225516,,Restaurante,Sushi,,Panamá,Panamá,,"Av 4 C Sur, Panama City, Panamá Province",6850-4906,,8.9928245,-79.4993224,Cerrado · Abre a las 5 p. m.,4.8,360,https://lh3.googleusercontent.com/gps-cs-s/APNQkAEySOgnVVxlt8Xq5ZHAVk4-a6LtnN3qQ-fFdurYq6zXe7Zs60dR2ecP9uPH_T984zDoffrhzAmF3hgIZ0bTHikTOmjMfTSnxvqw7wNXLldK5siAyjhn-BF4nkaHXiISkbnb2vA=w1000-h1000-c-n,,,True,SerpApi Google Maps,sushi en Ciudad de Panamá,ChIJ7-oAn6uprI8RbPHmKi5253M,0x8faca9ab9f00eaef:0x73e7762e2ae6f16c,8351773974642225516
Il Padrino Pizzeria,il-padrino-pizzeria-625065,,Pizzería,Pizza,,Panamá,Panamá,,"Oasis Hotel, C. 9a Este, Panamá, Provincia de Panamá",6397-0390,https://honeybadgerbars.com/en/il-padrino,8.9535647,-79.53632209999999,Abierto · Cierra a las 12 a. m.,4.8,746,https://lh3.googleusercontent.com/gps-cs-s/APNQkAEOJ8FYtJeK3Oc0ypFU6htA0bN8lIDCXXDNAt2QGHMNK94M2djeMs0Ij5lqoXsZz_JJrF7upEwMrT1iHP8t-zZWL8iDVbYha6p3tQb0A_GjycQglFdk72GpTNV7geflSFfurGEkkg=w1000-h1000-c-n,,,True,SerpApi Google Maps,pizza en Ciudad de Panamá,ChIJlRgRzoyprI8RKeHwKw4O-gg,0x8faca98cce111895:0x8fa0e0e2bf0e129,646844950510625065
Barrio Pizza | Via Argentina,barrio-pizza-via-argentina-356381,,Pizzería,Pizza,,Panamá,Panamá,,"1, Panamá, Provincia de Panamá",393-4444,https://barriopizza.com/,8.9884249,-79.5242805,Abierto · Cierra a las 11 p. m.,4.7,69,https://lh3.googleusercontent.com/gps-cs-s/APNQkAEWoxvppofiJlF7Z62yTFoYLuaBRbhw7ojJiCD3l32h8XbAcW61ls8U4soFgaAQ4YmMPo_GS0ZTSWzruj2xffcgiF49hZObVPBM_aJEFwaktvfsarMR8BaVAeyK__iKdFPpJChPmqmo69ch=w1000-h1000-c-n,,,True,SerpApi Google Maps,pizza en Ciudad de Panamá,ChIJuddxDqyprI8RHYjxxFsL9ls,0x8faca9ac0e71d7b9:0x5bf60b5bc4f1881d,6626496390496356381
Nero Pizza,nero-pizza-371016,,Pizzería,Pizza,,Panamá,Panamá,,"C. Demetrio Basilio Lakas 470B, Panamá, Provincia de Panamá",6363-9921,,9.0023773,-79.57412769999999,Abierto · Cierra a las 10 p. m.,4.9,127,https://lh3.googleusercontent.com/gps-cs-s/APNQkAGeDV8GlwzI57yTTjCIuGZ7quMAdhglkdoyUCom0mZGLPBx6uBqsvHrp9Y0dRBKHUxXC-1Iw0AYMOuOmiymkFfwJcVox9cNN3FeWh1WjTSSNxEaZC-a6SvBgD60VDfsND8NjBimmcfi04s=w1000-h1000-c-n,,,True,SerpApi Google Maps,pizza en Ciudad de Panamá,ChIJo3AVI7KnrI8RiIjWnCLLml0,0x8faca7b2231570a3:0x5d9acb229cd68888,6744926741461371016
Katané Speedy Pizza,katane-speedy-pizza-499224,,Pizzería,Pizza,,Panamá,Panamá,,"Renaissance Cangrejo, Vía Veneto 55, Panamá, Provincia de Panamá",6962-4549,https://katanepizza.com/,8.9870787,-79.52995179999999,Abierto · Cierra a las 9:30 p. m.,4.7,1211,https://lh3.googleusercontent.com/gps-cs-s/APNQkAGCTqdqYSSXyGEjKHBYArc1hBgxb9I7SBgQAttLUvbeEmD3QiWqjeLs2gCLJMpQKIKj4E977v3CaLN1nCiIlMtzGOsxiNZLuaQ2Y3INT1cYj-2cpGkIAHFgqwaSpG3CCGXZVCIy=w1000-h1000-c-n,,,True,SerpApi Google Maps,pizza en Ciudad de Panamá,ChIJmxUjr_GorI8R2KrbKuGqyKc,0x8faca8f1af23159b:0xa7c8aae12adbaad8,12090101083739499224
Viva La Pizza - San Francisco,viva-la-pizza-san-francisco-732587,,Pizzería,Pizza,,Panamá,Panamá,,"Local 15a, Av 4 C Sur, Panamá, Provincia de Panamá",6475-3344,https://vivalapizza.net/,8.9927467,-79.4995105,Abierto · Cierra a las 10 p. m.,4.8,1155,https://lh3.googleusercontent.com/gps-cs-s/APNQkAF5fOnozugpDeDrySJmAoyjZFVIbfTj-fm46wphiEeYb0lNGu-tSomcgjtV0arV_fs5QUfGQrQ2BQQPuLqySKtz1adIoxR7GwoahgEJ1gRJX4IENzq_O_ThGjSCMESQF48hSAs=w1000-h1000-c-n,,,True,SerpApi Google Maps,pizza en Ciudad de Panamá,ChIJCWpfPmyprI8R65fsmHdENws,0x8faca96c3e5f6a09:0xb37447798ec97eb,808189938593732587
Pizzería Zi María | Bella Vista,pizzeria-zi-maria-bella-vista-736620,,Restaurante,Pizza,,Panamá,Panamá,,"C. 39 Este, Panamá, Provincia de Panamá",393-3308,https://www.instagram.com/zimariabellavista?igsh=MTgwZGFzOGwzaGRzdQ==,8.9717071,-79.53106009999999,Abierto · Cierra a las 10 p. m.,4.6,744,https://lh3.googleusercontent.com/gps-cs-s/APNQkAGp5KYUB1EwZWJ7lXiDCoc3_3iJBdy0niYdNeYAYM9ng2Nsgl_AQEI49qPjB7A-yPTMCEFMXcE_AkR-E52mBPJ1oqo5fRzw13mkcoOjJUDrG4qVUb9keXlgEFVBJq_QqdUX-GNNLQ=w1000-h1000-c-n,,,True,SerpApi Google Maps,pizza en Ciudad de Panamá,ChIJse6LNcKorI8RLLAZ7TN_MyI,0x8faca8c2358beeb1:0x22337f33ed19b02c,2464453282099736620
Viva La Pizza - Vía Argentina,viva-la-pizza-via-argentina-428255,,Pizzería,Pizza,,Panamá,Panamá,,"XFQF+GQ6, Edificio Basilaky, Vía Argentina 8415, Panamá, Provincia de Panamá",6161-8825,https://vivalapizza.net/,8.9887788,-79.5256271,Cerrado · Abre a las 12 p. m. del mar,4.9,662,https://lh3.googleusercontent.com/gps-cs-s/APNQkAELfIFu9MpnP4C_e3iFUkugbJQZfchzkcB21pyYuBrD1-yDybGckdSW3fMa3s1LWhq3LFSkXHT69ZIjwwdnEk8d5ogCVkPx8ALK_WLcYT_oZ-MHEv9O_TgaHHiwVwvfzS14ZWR0_qKfY7w=w1000-h1000-c-n,,,True,SerpApi Google Maps,pizza en Ciudad de Panamá,ChIJ7ZlFTQCprI8RHwNgzyLVgSo,0x8faca9004d4599ed:0x2a81d522cf60031f,3062963567073428255
Pizzería Q'Bolá,pizzeria-q-bola-814659,,Pizzería,Pizza,,Panamá,Panamá,,"Av. Central España 13, Panamá, Provincia de Panamá",6426-3124,https://wa.me/+50766938742/?text=HolaPizzeriaQ'BOL%C3%81,8.9735069,-79.5357341,Abierto · Cierra a las 11 p. m.,4.9,67,https://lh3.googleusercontent.com/gps-cs-s/APNQkAGGpQuG0tW_Uz66l9h5t7IE-QSyq9n0awOizks5uShxuZdTm0TQLPXD7KM9BwPb-K5nV-UnidqBQFZq_qUI4GfEabguEeDtdE-gc5qG4nIxr4ncsZX1rFUwM0Fpmp7N0-QpkO0wvZwh5B8V=w1000-h1000-c-n,,,True,SerpApi Google Maps,pizza en Ciudad de Panamá,ChIJI9jiWQCprI8RQ-UN2XAQANI,0x8faca90059e2d823:0xd2001070d90de543,15132112824828814659
Restaurante Napoli y Pizzería,restaurante-napoli-y-pizzeria-877442,,Pizzería,Pizza,,Panamá,Panamá,,"a un costado del Instituto Nacional, Calle ""i"" y, Panamá, Provincia de Panamá",262-2446,http://www.napolipanama.com/,8.958069499999999,-79.5424501,Abierto · Cierra a las 7:15 p. m.,4.5,1242,https://lh3.googleusercontent.com/gps-cs-s/APNQkAEhRkGe8MbK6rWWyzeC8VqvRcJsQCjXwkb4EdRAGTra_VnZ-XkfpVJ3qdB3vKSPSfe-BYjsUYDiVr_vNFKp9wgD2KLwX2d7xunr36dYNw3nfI-bgjJ8grX2twKyRw_Sw5ry7wuw=w1000-h1000-c-n,,,True,SerpApi Google Maps,pizza en Ciudad de Panamá,ChIJS5isoLaorI8RwknRtMyx-l8,0x8faca8b6a0ac984b:0x5ffab1ccb4d149c2,6916035670545877442
Al Vecchio Forno,al-vecchio-forno-675303,,Restaurante italiano,Pizza,,Panamá,Panamá,,"Av. Dr. Belisario Porras, Panamá, Provincia de Panamá",399-0433,,8.996794099999999,-79.50915429999999,Abierto · Cierra a las 10:30 p. m.,4.6,1943,https://lh3.googleusercontent.com/gps-cs-s/APNQkAGBPQA91h_neg2vxumkUNkW-eRutZryBmen5PkTnpBUHTC6u10Lh4PiPs2ga9XgZ9DNNYoLZhFdKO3O_iFQiIIvuNDRPqZOBI1HPONrnuiaCVzTWlaF23pgW0AaRZhuufwqZfn0-Q=w1000-h1000-c-n,,,True,SerpApi Google Maps,pizza en Ciudad de Panamá,ChIJv0qSjamprI8R51eqSD7RpiQ,0x8faca9a98d924abf:0x24a6d13e48aa57e7,2641028296936675303
Pizzería Sorrento,pizzeria-sorrento-628914,,Pizzería,Pizza,,Panamá,Panamá,,"E Y, C. 69 Este 88, Panamá, Provincia de Panamá",226-6980,http://www.restauranteypizzeriasorrento.com/,8.996341,-79.51066329999999,Abierto · Cierra a las 9 p. m.,4.5,1641,https://lh3.googleusercontent.com/gps-cs-s/APNQkAFp5-rWi4AmDWSNqA34vQUG5RrzBPbH8Y8lbAownp3VKjNOXWDcaRXoZiaiEuGiZYVSu10mp8xYxEcOckhQ02Q95H1B9ppgDvFch3S1uhZja3zfmtQc-8vqSUQHn9j3xtyUT6MR=w1000-h1000-c-n,,,True,SerpApi Google Maps,pizza en Ciudad de Panamá,ChIJOXfOFqqprI8R8lc5a8_dkY8,0x8faca9aa16ce7739:0x8f91ddcf6b3957f2,10345293701973628914
Barrio Pizza | Via Porras,barrio-pizza-via-porras-615813,,Pizzería,Pizza,,Panamá,Panamá,,"Vía Porras, Panamá, Provincia de Panamá",388-1313,http://www.barriopizza.com/,8.993405,-79.5162088,Abierto · Cierra a las 10 p. m.,4.5,951,https://lh3.googleusercontent.com/gps-cs-s/APNQkAH9K2mCQzL7z0B06hdm-smkpoaHvELYCblN5Tn2xwW6gixwQqLYKii6GN69QzCw2C70MRfJRsd1F-KGyq_E4TQu3ayHRuXLus2mHExH_LiAcuEYmqRfb7eoRTltnwK-biu_mjakaw=w1000-h1000-c-n,,,True,SerpApi Google Maps,pizza en Ciudad de Panamá,ChIJ4afIxP-orI8RRTXER6eCCLg,0x8faca8ffc4c8a7e1:0xb80882a747c43545,13260992757767615813
Romero Cocina Artesanal Panamá,romero-cocina-artesanal-panama-560055,,Pizzería,Pizza,,Panamá,Panamá,,"PH Nuovo, C. 42 Este, Panamá, Provincia de Panamá",6946-0500,https://www.instagram.com/romero.panama/,8.9738328,-79.53003489999999,Abierto · Cierra a las 10 p. m.,4.8,1156,https://lh3.googleusercontent.com/gps-cs-s/APNQkAE0gcX58YPD1YWC3RXgK2sKxOGff2fZ6lGwG5jSuMTqBWpwbVyAFzLxVXfB_8uOrrgCVUfl78XapzVilSxUNd6kmT59BTHHJ7Nxwts2pK4djVUI_DqyAbTwM38B0_VGkQuJh7w0=w1000-h1000-c-n,,,True,SerpApi Google Maps,pizza en Ciudad de Panamá,ChIJYwksCLKprI8Rd7EEafcDGW4,0x8faca9b2082c0963:0x6e1903f76904b177,7933376579743560055
Just Pizza en Clayton - Sapore Tutto Italiano,just-pizza-en-clayton-sapore-tutto-italiano-947721,,Pizzería,Pizza,,Panamá,Panamá,,"Plaza Clayton, Calle Carrol, Panamá, Provincia de Panamá",6427-8934,https://justpizzapty.com/,9.0054848,-79.5702922,Abierto · Cierra a las 9:15 p. m.,4.8,120,https://lh3.googleusercontent.com/gps-cs-s/APNQkAF9mlGxujKq1R_Zun9HBe80eY_WmQDEI9hKzNgAQRzlgZPTP671w6FoKxbPdLy8iIahUvtoLTQaX_6FwOdcIYgC9wnanrfTN9MYPHgn6v3_dHEndCofENgAPigkH3c89VWJ3PL-=w1000-h1000-c-n,,,True,SerpApi Google Maps,pizza en Ciudad de Panamá,ChIJ8ZQC_lenrI8RiehPkQv8oKA,0x8faca757fe0294f1:0xa0a0fc0b914fe889,11574528168954947721
Katané Pizza | San Francisco,katane-pizza-san-francisco-266874,,Pizzería,Pizza,,Panamá,Panamá,,"C. 71 Este, Panama City, Panamá Province",6955-8884,https://instagram.com/katanepizzapty,8.9948687,-79.50893839999999,Abierto · Cierra a las 9:30 p. m.,4.6,227,https://lh3.googleusercontent.com/gps-cs-s/APNQkAGp19I1JKjImq5GmEaVY2gPhPQ_Xhkk2EEJw4G489OQ6qyS7ilUruIqE7qLpUnicwaTITebHGM89h_v_cFjT2hhJOiPDWi_KnzLYg66X3kAVoTVrJcTu-eBvRkq-Q4g4BjmooFK0A=w1000-h1000-c-n,,,True,SerpApi Google Maps,pizza en Ciudad de Panamá,ChIJpRkNdC2prI8ROstQpuzQn7M,0x8faca92d740d19a5:0xb39fd0eca650cb3a,12943293568907266874
Restaurante Botanica Pizza,restaurante-botanica-pizza-077203,,Restaurante,Pizza,,Panamá,Panamá,,"XGX3+W6C, the plaza, Vía Cincuentenario, Panamá, Provincia de Panamá",270-1111,http://www.botanicapanama.com/,8.999763399999999,-79.4970092,Abierto · Cierra a las 9:30 p. m.,4.6,683,https://lh3.googleusercontent.com/gps-cs-s/APNQkAEHv-cjWcLi625Lu0NYBX6KUBq6OzMrAJkM30TeB1JsuZDF4fYJwTdeQ08eonttE2HZe04UTMSo3Tz9cTpwGhKaov0gLm8nctyt6SGecsX2niFUrjkzBtHffwMza9PNMnMVLirA=w1000-h1000-c-n,,,True,SerpApi Google Maps,pizza en Ciudad de Panamá,ChIJ380sxqCprI8Rk3b_Bcd_KMU,0x8faca9a0c62ccddf:0xc5287fc705ff7693,14206745517316077203
PIZZERIA ITALIA & ITALIAN BURGER,pizzeria-italia-italian-burger-933400,,Restaurante italiano,Pizza,,Panamá,Panamá,,"LOCAL PIZZERIA ITALIA AND ITALIAN BURGER, C. 77 Este 94016, Panamá, Provincia de Panamá",382-2200,http://www.pizzeriaitaliaitalianburger.com/,8.9943644,-79.5023952,Abierto · Cierra a las 10 p. m.,4.6,556,https://lh3.googleusercontent.com/gps-cs-s/APNQkAGyzyGEUsHwbRzWG0pBS88gL9DIBNXnv4z9QDnuh_H6WOdyTWs0Nct_4ZQD4PRIZnTtwIyFvTpWlPJY4UQyHw6xjwR9cRwjFLtb-IOm5mpsUncpceTsvzbOCdR_-eBHCqhyz3QFMqpJuJ78=w1000-h1000-c-n,,,True,SerpApi Google Maps,pizza en Ciudad de Panamá,ChIJpdZoCf2prI8R2A1v6aEJYLU,0x8faca9fd0968d6a5:0xb56009a1e96f0dd8,13069456709639933400
Pronto Pizza Panamá,pronto-pizza-panama-223298,,Pizzería,Pizza,,Panamá,Panamá,,"XFFC+R8C, entre Black Dog y D Uñas, Park Plaza Mall, Calle Colombia, Panamá, Provincia de Panamá",388-5522,https://prontopizza.nanotecllc.com/,8.9743794,-79.52932109999999,Abierto · Cierra a las 10 p. m.,4.4,304,https://lh3.googleusercontent.com/gps-cs-s/APNQkAFvkTFmzOJS9bXaKisIU3vtrF5Vo89ZhEAl_2jxA9H_VZgWzAMo_xparU2iFBP3UhdefmupY78o1-xBOFHuxN5SC4-QqVlyQRqOgFCixwkPnH9MXcLyDB6_fIKuKVI5mpeELzuf=w1000-h1000-c-n,,,True,SerpApi Google Maps,pizza en Ciudad de Panamá,ChIJ10XjC-morI8RArVJIpyhr_E,0x8faca8e90be345d7:0xf1afa19c2249b502,17415315976027223298
Casa Stizzoli - Gastroteca Italiana,casa-stizzoli-gastroteca-italiana-148126,,Restaurante italiano,Pizza,,Panamá,Panamá,,"Calle Matilde De Obarrio de Malex, Panama City, Panamá Province",385-1040,,8.994634099999999,-79.5072193,Abierto · Cierra a las 10 p. m.,4.6,1260,https://lh3.googleusercontent.com/gps-cs-s/APNQkAFngGh1QVKCNpExJ41Wnl-WjAWVqs35mTqHbXoDe_noQ920tbI_6cyZH8gjTY5POcMQzZCnAFJOeE9_TzbUkOwP1lc1czoa7SM2zNGgugN2rD9GSToG3zRkk4eu3FhBccATyA1Z=w1000-h1000-c-n,,,True,SerpApi Google Maps,pizza en Ciudad de Panamá,ChIJKwaVeQeprI8RHvSYhUaPGWg,0x8faca9077995062b:0x68198f468598f41e,7501184187414148126
