"nombre","slug","categoria_detectada","tipo_cocina","rango_precio","provincia","distrito","corregimiento","direccion","sitio_web","latitud","longitud","horario","rating","cantidad_resenas","delivery","reservas","activo","fuente","query_origen","source_files"
"Casa Catedral | Restaurante","casa-catedral-restaurante-675535","Bar","Restaurante","","Panamá","Panamá","","C. 5a Oeste, Panamá, Provincia de Panamá","https://casacatedralpanama.com/","8.9517577","-79.5345232","Abierto · Cierra a las 10 p. m.","4.6","956","","","True","SerpApi Google Maps","restaurantes en Casco Viejo Panamá","restaurantes_serpapi.csv"
"CasaCasco","casacasco-802885","Bar","Bar restaurante","","Panamá","Panamá","","C. 10 Oeste 15306, Panamá, Provincia de Panamá","http://www.casacasco.com/","8.9515875","-79.53680399999999","Abierto · Cierra a las 12 a. m.","4.5","5273","","","True","SerpApi Google Maps","restaurantes en Ciudad de Panamá","restaurantes_serpapi.csv"
"La 10 - Costa Del Este","la-10-costa-del-este-317852","Bar","Bar restaurante","","Panamá","Panamá","","Costa del Este Panama Desing Center Local 29-30, Panama City","https://instagram.com/la10panama?igshid=MzRlODBiNWFlZA==","9.012650299999999","-79.4674534","Abierto · Cierra a las 12 a. m.","4.2","852","","","True","SerpApi Google Maps","restaurantes en Costa del Este Panamá","restaurantes_serpapi.csv"
"La Pulpería - San Francisco","la-pulperia-san-francisco-561690","Bar","Bar","","Panamá","Panamá","","al lado de Tomillo, C. 71 Este, Panamá, Provincia de Panamá","http://www.lapulperia.com.pa/","8.988936599999999","-79.50786049999999","Abierto · Cierra a las 12 a. m.","4.9","4740","","","True","SerpApi Google Maps","restaurantes en San Francisco Panamá","restaurantes_serpapi.csv"
"La Pulpería | Casco Antiguo","la-pulperia-casco-antiguo-819091","Bar","Restaurante","","Panamá","Panamá","","C. 9a Este, Panamá, Provincia de Panamá","http://www.lapulperia.com.pa/","8.9529563","-79.536307","Abierto · Cierra a las 12 a. m.","4.9","6559","","","True","SerpApi Google Maps","restaurantes en Ciudad de Panamá","restaurantes_serpapi.csv"
"La Rana Dorada Casco","la-rana-dorada-casco-026237","Bar","Cervecería artesanal","","Panamá","Panamá","","Calle 9 con Calle Boquete (Esquina Casco Antiguo","http://www.laranadorada.com/","8.952872","-79.5363236","Abierto · Cierra a las 12 a. m.","4.6","3881","","","True","SerpApi Google Maps","restaurantes en Casco Viejo Panamá","restaurantes_serpapi.csv"
"LUNA ROOFTOP","luna-rooftop-471318","Bar","Bar restaurante","","Panamá","Panamá","","000000, Panamá","https://luna-rooftop.cluvi.co/luna-rooftop/maincategories","8.9850728","-79.52063179999999","Abierto · Cierra a las 12 a. m.","4.6","1377","","","True","SerpApi Google Maps","restaurantes en Ciudad de Panamá","restaurantes_serpapi.csv"
"Restaurante & Bar Portola","restaurante-bar-portola-206060","Bar","Restaurante","","Panamá","Panamá","","XFRW+9F2, C. 75 Este, Panamá, Provincia de Panamá","https://www.instagram.com/portola_restaurant/","8.9908893","-79.5038489","Abierto · Cierra a las 4 a. m.","4.4","1414","","","True","SerpApi Google Maps","restaurantes en San Francisco Panamá","restaurantes_serpapi.csv"
"Vista Corona Panamá","vista-corona-panama-078601","Bar","Bar","","Panamá","Panamá","","Edificio Casa de Oro, Av. A, Rooftop, Panamá Province","http://www.vistacoronapanama.com/","8.9516715","-79.53606309999999","Abierto · Cierra a las 12 a. m.","4.6","441","","","True","SerpApi Google Maps","restaurantes en Casco Viejo Panamá","restaurantes_serpapi.csv"
"Ahumadospty y Smoked Mamma Pty","ahumadospty-y-smoked-mamma-pty-482298","Café","Restaurante","","Panamá","Panamá","","Panamá, Provincia de Panamá","https://wa.me/c/50761216299","8.9883238","-79.50804409999999","Abierto · Cierra a las 10 p. m.","4.7","501","","","True","SerpApi Google Maps","restaurantes en San Francisco Panamá","restaurantes_serpapi.csv"
"Al Alma Café Restaurante - Casa Lefevre, Plaza Catedral","al-alma-cafe-restaurante-casa-lefevre-plaza-catedral-724636","Café","Restaurante","","Panamá","Panamá","","Plaza de la Independencia, C. 5a Este, Panamá, Provincia de Panamá","https://www.alalma.com.pa/","8.952624799999999","-79.5343936","Abierto · Cierra a las 6 p. m.","4.6","824","","","True","SerpApi Google Maps","restaurantes en Ciudad de Panamá","restaurantes_serpapi.csv"
"Café Bilal | Costa del Este","cafe-bilal-costa-del-este-284654","Café","Restaurante","","Panamá","Panamá","","Av. Costa del Mar, Panamá, Provincia de Panamá","","9.011406299999999","-79.4650779","Abierto · Cierra a las 12 a. m.","4.5","858","","","True","SerpApi Google Maps","restaurantes en Costa del Este Panamá","restaurantes_serpapi.csv"
"Gastronomía Buongiorno","gastronomia-buongiorno-421512","Café","Cafetería","","Panamá","Panamá","","N/A, Panamá, Provincia de Panamá","","8.9944584","-79.5059806","Abierto · Cierra a las 6 p. m.","4.9","196","","","True","SerpApi Google Maps","restaurantes en San Francisco Panamá","restaurantes_serpapi.csv"
"La Vasquita – Tartas Vascas, Specialty Coffee & Brunch | Casco Viejo","la-vasquita-tartas-vascas-specialty-coffee-brunch-casco-viejo-963995","Café","Cafetería","","Panamá","Panamá","","Casa Perez, Av. B, Panamá, Provincia de Panamá","http://www.lavasquita.com/","8.9531747","-79.5352728","Abierto · Cierra a las 10 p. m.","4.9","3090","","","True","SerpApi Google Maps","restaurantes en Casco Viejo Panamá","restaurantes_serpapi.csv"
"La Vasquita – Tartas Vascas, Specialty Coffee & Brunch | San Francisco","la-vasquita-tartas-vascas-specialty-coffee-brunch-san-francisco-972166","Café","Cafetería","","Panamá","Panamá","","C. 73 Este, Panamá, Provincia de Panamá","http://www.lavasquita.com/","8.9887043","-79.50576819999999","Abierto · Cierra a las 9:30 p. m.","5.0","320","","","True","SerpApi Google Maps","restaurantes en San Francisco Panamá","restaurantes_serpapi.csv"
"Anti Burger | San Francisco","anti-burger-san-francisco-581570","Hamburguesas","Restaurante","","Panamá","Panamá","","Frente a la Academia de Musica de Panama, Calle 71 San Francisco, Panama City, Panamá Province","http://www.instagram.com/anti.burger","8.9898589","-79.5080266","Abierto · Cierra a las 10 p. m.","4.6","1574","","","True","SerpApi Google Maps","hamburguesas en Ciudad de Panamá","restaurantes_serpapi.csv | restaurantes_serpapi_v2.csv"
"BURGER GUYS","burger-guys-006873","Hamburguesas","Hamburguesería","","Panamá","Panamá","","Calle 68 Este, Panama City, Panamá Province","","8.9908892","-79.5105176","Abierto · Cierra a las 9:45 p. m.","4.2","77","","","True","SerpApi Google Maps","hamburguesas en Ciudad de Panamá","restaurantes_serpapi.csv | restaurantes_serpapi_v2.csv"
"Épicos Panamá","epicos-panama-676703","Hamburguesas","Hamburguesería","","Panamá","Panamá","","C. 62 A Este 80, Panama City, Panamá Province","https://www.facebook.com/epicos.panama/","8.994792499999999","-79.517645","Abierto · Cierra a las 9 p. m.","4.9","126","","","True","SerpApi Google Maps","hamburguesas en Ciudad de Panamá","restaurantes_serpapi.csv | restaurantes_serpapi_v2.csv"
"Esa Flaca Rica","esa-flaca-rica-832967","Hamburguesas","Hamburguesería","","Panamá","Panamá","","C. Primera H 19001, Panama City, Panamá Province","","9.0091713","-79.4777819","Abierto · Cierra a las 11 p. m.","4.5","244","","","True","SerpApi Google Maps","hamburguesas en Ciudad de Panamá","restaurantes_serpapi.csv | restaurantes_serpapi_v2.csv"
"Esa Flaca Rica","esa-flaca-rica-157571","Hamburguesas","Restaurante","","Panamá","Panamá","","C. 72 Este 11124, Panamá, Provincia de Panamá","","8.9893927","-79.5076836","Abierto · Cierra a las 11 p. m.","4.5","3562","","","True","SerpApi Google Maps","hamburguesas en Ciudad de Panamá | restaurantes en San Francisco Panamá","restaurantes_serpapi.csv | restaurantes_serpapi_v2.csv"
"Fat lady Costa del Este","fat-lady-costa-del-este-439880","Hamburguesas","Restaurante de comida rápida","","Panamá","Panamá","","Plaza Royal-R, Panamá, Provincia de Panamá","","9.0169718","-79.4644057","Abierto · Cierra a las 9:30 p. m.","4.3","81","","","True","SerpApi Google Maps","hamburguesas en Ciudad de Panamá","restaurantes_serpapi.csv | restaurantes_serpapi_v2.csv"
"Fosters | Soho City Center","fosters-soho-city-center-151762","Hamburguesas","Hamburguesería","","Panamá","Panamá","","Soho City Center, Panamá, Provincia de Panamá","http://www.fosterspanama.com/","8.983310699999999","-79.5191279","Abierto · Cierra a las 10 p. m.","4.8","2202","","","True","SerpApi Google Maps","hamburguesas en Ciudad de Panamá","restaurantes_serpapi.csv | restaurantes_serpapi_v2.csv"
"Grazza Smash Burger | San Francisco","grazza-smash-burger-san-francisco-708252","Hamburguesas","Hamburguesería","","Panamá","Panamá","","Spot 74, C. 74 Este, Panamá, Provincia de Panamá","https://www.grazzapanama.com/","8.9916919","-79.505678","Abierto · Cierra a las 10:30 p. m.","5.0","29","","","True","SerpApi Google Maps","hamburguesas en Ciudad de Panamá","restaurantes_serpapi.csv | restaurantes_serpapi_v2.csv"
"Hamburguesas Vaqueras","hamburguesas-vaqueras-687513","Hamburguesas","Restaurante","","Panamá","Panamá","","C/ 70, Panamá, Provincia de Panamá","","8.9922506","-79.5093248","Abierto · Cierra a las 9 p. m.","4.5","570","","","True","SerpApi Google Maps","hamburguesas en Ciudad de Panamá","restaurantes_serpapi.csv | restaurantes_serpapi_v2.csv"
"Hamburguesas Vaqueras | Tumba Muerto","hamburguesas-vaqueras-tumba-muerto-579389","Hamburguesas","Hamburguesería","","Panamá","Panamá","","2FJJ+3M7, Galeria Square, Vía Ricardo J. Alfaro, Panamá, Provincia de Panamá","","9.0302574","-79.518236","Abierto las 24 horas","4.1","117","","","True","SerpApi Google Maps","hamburguesas en Ciudad de Panamá","restaurantes_serpapi.csv | restaurantes_serpapi_v2.csv"
"Hamburguesía Panamá","hamburguesia-panama-628973","Hamburguesas","Hamburguesería","","Panamá","Panamá","","C. 71 Este, Panamá, Provincia de Panamá","https://hamburguesiapanama.com/","8.9880364","-79.50743969999999","Cerrado · Abre a las 12 p. m. del mar","4.6","1096","","","True","SerpApi Google Maps","hamburguesas en Ciudad de Panamá","restaurantes_serpapi.csv | restaurantes_serpapi_v2.csv"
"HIDDENS (Find The Flavor)","hiddens-find-the-flavor-976550","Hamburguesas","Hamburguesería","","Panamá","Panamá","","XFQG+32J, C. Alberto Navarro, Panamá, Provincia de Panamá","","8.9877088","-79.5249977","Cerrado · Abre a las 5 p. m.","4.8","117","","","True","SerpApi Google Maps","hamburguesas en Ciudad de Panamá","restaurantes_serpapi.csv | restaurantes_serpapi_v2.csv"
"Oh My Burger!","oh-my-burger-081574","Hamburguesas","Restaurante","","Panamá","Panamá","","C. 74 Este, Panamá, Provincia de Panamá","","8.9908744","-79.5050146","Abierto · Cierra a las 9:30 p. m.","4.7","274","","","True","SerpApi Google Maps","hamburguesas en Ciudad de Panamá","restaurantes_serpapi.csv | restaurantes_serpapi_v2.csv"
"Rock Burger San Francisco","rock-burger-san-francisco-258918","Hamburguesas","Hamburguesería","","Panamá","Panamá","","Plaza La Peatonal 68, Panamá, Provincia de Panamá","http://www.rockburgerpanama.com/","8.993829","-79.51110489999999","Abierto · Cierra a las 9:30 p. m.","4.1","316","","","True","SerpApi Google Maps","hamburguesas en Ciudad de Panamá","restaurantes_serpapi.csv | restaurantes_serpapi_v2.csv"
"Slabón | Costa del Este","slabon-costa-del-este-539275","Hamburguesas","Restaurante","","Panamá","Panamá","","Av. Costa del Mar, Panamá, Provincia de Panamá","http://www.slabonpanama.com/","9.0114527","-79.465136","Abierto · Cierra a las 10 p. m.","4.5","1313","","","True","SerpApi Google Maps","hamburguesas en Ciudad de Panamá | restaurantes en Costa del Este Panamá","restaurantes_serpapi.csv | restaurantes_serpapi_v2.csv"
"Slabón | Obarrio","slabon-obarrio-541776","Hamburguesas","Hamburguesería","","Panamá","Panamá","","59 Plaza Strip, Calle 58 Este, Panamá","http://slabonpanama.com/","8.9880056","-79.51910939999999","Abierto · Cierra a las 10 p. m.","4.5","1655","","","True","SerpApi Google Maps","hamburguesas en Ciudad de Panamá","restaurantes_serpapi.csv | restaurantes_serpapi_v2.csv"
"Speed 99 Burger","speed-99-burger-841235","Hamburguesas","Hamburguesería","","Panamá","Panamá","","Transístmica, Panamá, Provincia de Panamá","https://www.instagram.com/speed99burger?igsh=OGx2cnRkMGcwNWpp","8.997033499999999","-79.526697","Abierto · Cierra a las 11 p. m.","4.6","98","","","True","SerpApi Google Maps","hamburguesas en Ciudad de Panamá | hot dogs en Ciudad de Panamá","restaurantes_serpapi.csv | restaurantes_serpapi_v2.csv"
"Yoss Burger Bar","yoss-burger-bar-816790","Hamburguesas","Hamburguesería","","Panamá","Panamá","","Av. 8 Sur 8201-02, Panamá, Provincia de Panamá","","8.9784419","-79.5124642","Abierto · Cierra a las 11 p. m.","4.7","354","","","True","SerpApi Google Maps","hamburguesas en Ciudad de Panamá","restaurantes_serpapi.csv | restaurantes_serpapi_v2.csv"
"Afrodisíaco Italian Modern Kitchen","afrodisiaco-italian-modern-kitchen-785077","Italiana","Restaurante italiano","","Panamá","Panamá","","Av. A, Panamá, Provincia de Panamá","https://www.instagram.com/afrodisiacopty?igsh=MWs5MGFjZm4xeHR5NQ%3D%3D&utm_source=qr","8.951415899999999","-79.5339467","Abre pronto · 5 p. m.","4.9","1406","","","True","SerpApi Google Maps","comida italiana en Ciudad de Panamá","restaurantes_serpapi_v2.csv"
"Al Vecchio Forno","al-vecchio-forno-675303","Italiana","Restaurante italiano","","Panamá","Panamá","","Av. Dr. Belisario Porras, Panamá, Provincia de Panamá","","8.996794099999999","-79.50915429999999","Abierto · Cierra a las 10:30 p. m.","4.6","1943","","","True","SerpApi Google Maps","comida italiana en Ciudad de Panamá | pizza en Ciudad de Panamá","restaurantes_serpapi.csv | restaurantes_serpapi_v2.csv"
"Arrogante Panamá","arrogante-panama-844427","Italiana","Restaurante italiano","","Panamá","Panamá","","C. 59 Este, Panamá, Provincia de Panamá","https://www.instagram.com/arrogante.panama?igsh=M2Z4dm5ndGt3MGQ3&utm_source=qr","8.9860008","-79.5171642","Abierto · Cierra a las 11 p. m.","4.6","576","","","True","SerpApi Google Maps","comida italiana en Ciudad de Panamá","restaurantes_serpapi_v2.csv"
"ASSISI Restaurant","assisi-restaurant-293599","Italiana","Restaurante italiano","","Panamá","Panamá","","Av. 5 C Sur, Panamá, Provincia de Panamá","http://www.assisirestaurants.com/","8.9884608","-79.5074971","Abierto · Cierra a las 10:30 p. m.","4.5","1271","","","True","SerpApi Google Maps","comida italiana en Ciudad de Panamá | restaurantes en San Francisco Panamá","restaurantes_serpapi.csv | restaurantes_serpapi_v2.csv"
"Casa Stizzoli - Gastroteca Italiana","casa-stizzoli-gastroteca-italiana-148126","Italiana","Restaurante italiano","","Panamá","Panamá","","Calle Matilde De Obarrio de Malex, Panama City, Panamá Province","","8.994634099999999","-79.5072193","Abierto · Cierra a las 10 p. m.","4.6","1260","","","True","SerpApi Google Maps","comida italiana en Ciudad de Panamá | pizza en Ciudad de Panamá","restaurantes_serpapi.csv | restaurantes_serpapi_v2.csv"
"Da Stefano Trattoria","da-stefano-trattoria-452055","Italiana","Restaurante italiano","","Panamá","Panamá","","Santa María Plaza Entrada del, Sta. Maria Business District, Bussines, Provincia de Panamá","https://dastefanotrattoria.com/","9.0266095","-79.4687105","Abierto · Cierra a las 9 p. m.","4.7","348","","","True","SerpApi Google Maps","comida italiana en Ciudad de Panamá","restaurantes_serpapi_v2.csv"
"Filomena Cucina di Mare Panamá","filomena-cucina-di-mare-panama-484036","Italiana","Restaurante italiano","","Panamá","Panamá","","PH YOO 6TH, FLOOR, Provincia de Panamá","http://www.filomenarest.com/","8.9760179","-79.5235866","Abierto · Cierra a las 11 p. m.","4.7","1242","","","True","SerpApi Google Maps","comida italiana en Ciudad de Panamá | restaurantes en Ciudad de Panamá","restaurantes_serpapi.csv | restaurantes_serpapi_v2.csv"
"Frank's Place","frank-s-place-453579","Italiana","Restaurante italiano","","Panamá","Panamá","","Planta Baja, PH Plaza Zoom, Av. Ricardo Arango, Panama City","http://www.franksplacepanama.com/","8.983244899999999","-79.5215444","Abierto · Cierra a las 11 p. m.","4.8","718","","","True","SerpApi Google Maps","comida italiana en Ciudad de Panamá","restaurantes_serpapi_v2.csv"
"Il Tula San Francisco","il-tula-san-francisco-651525","Italiana","Restaurante italiano","","Panamá","Panamá","","Calle 67 esquina, Vía Israel, Panamá","","8.988418099999999","-79.5105234","Abierto · Cierra a las 10:30 p. m.","4.6","243","","","True","SerpApi Google Maps","comida italiana en Ciudad de Panamá | restaurantes en San Francisco Panamá","restaurantes_serpapi.csv | restaurantes_serpapi_v2.csv"
"La Locanda - Obarrio","la-locanda-obarrio-722878","Italiana","Restaurante","","Panamá","Panamá","","Calle 57 Este, Panamá, Provincia de Panamá","","8.984984299999999","-79.51836519999999","Abierto · Cierra a las 10 p. m.","4.5","1303","","","True","SerpApi Google Maps","comida italiana en Ciudad de Panamá","restaurantes_serpapi_v2.csv"
"La Strega Ristorante | Bella Vista","la-strega-ristorante-bella-vista-153361","Italiana","Restaurante italiano","$$","Panamá","Panamá","","Al lado de financiera Pacifico, Panamá Calle 50 Entre la Av. Federico Boyd y, C. República de Uruguay, Panamá","http://lastregaristorante.com/","8.9788718","-79.52661719999999","Abierto · Cierra a las 10 p. m.","4.4","1839","","","True","SerpApi Google Maps","comida italiana en Ciudad de Panamá","restaurantes_serpapi_v2.csv"
"La Strega Ristorante | Costa del Este","la-strega-ristorante-costa-del-este-720826","Italiana","Restaurante italiano","","Panamá","Panamá","","Edificio Time Square, local 6, Av. Costa del Sol PB, Panamá","https://lastregaristorante.com/","9.0158325","-79.4668624","Abierto · Cierra a las 10 p. m.","4.5","377","","","True","SerpApi Google Maps","restaurantes en Costa del Este Panamá","restaurantes_serpapi.csv"
"Lucca | Multiplaza Pacific","lucca-multiplaza-pacific-027767","Italiana","Restaurante italiano","","Panamá","Panamá","","Plaza de la Luna, Multiplaza Mall, Nivel 2, Panamá, Provincia de Panamá","https://www.luccatrattoria.com/","8.9871134","-79.5110342","Abierto · Cierra a las 10 p. m.","4.7","637","","","True","SerpApi Google Maps","comida italiana en Ciudad de Panamá","restaurantes_serpapi_v2.csv"
"Lucca El Cangrejo Panamá","lucca-el-cangrejo-panama-587342","Italiana","Restaurante italiano","","Panamá","Panamá","","C. Jose Isaac Fabrega, Panamá, Provincia de Panamá","https://www.luccatrattoria.com/","8.9877495","-79.5240086","Abierto · Cierra a las 10 p. m.","4.6","2691","","","True","SerpApi Google Maps","comida italiana en Ciudad de Panamá","restaurantes_serpapi_v2.csv"
"Madre Cocina Italiana Costa Del Este","madre-cocina-italiana-costa-del-este-006137","Italiana","Restaurante","","Panamá","Panamá","","planta baja, Avenida Centenario, Dream Plaza, Panamá","","9.01641","-79.4704245","Abierto · Cierra a las 11 p. m.","4.5","114","","","True","SerpApi Google Maps","comida italiana en Ciudad de Panamá | restaurantes en Costa del Este Panamá","restaurantes_serpapi.csv | restaurantes_serpapi_v2.csv"
"MADRE CUCINA ITALIANA & STEAKHOUSE","madre-cucina-italiana-steakhouse-930992","Italiana","Restaurante italiano","","Panamá","Panamá","","C. 8a Este, Panamá, Provincia de Panamá","","8.951571399999999","-79.5323787","Abierto · Cierra a las 10 p. m.","4.5","477","","","True","SerpApi Google Maps","comida italiana en Ciudad de Panamá","restaurantes_serpapi_v2.csv"
"Olive Garden | Town Center Costa del Este","olive-garden-town-center-costa-del-este-137963","Italiana","Restaurante italiano","","Panamá","Panamá","","Town Center, Av Paseo del Mar, Panamá, Provincia de Panamá","https://olivegarden.com.pa/","9.0136292","-79.4650599","Abierto · Cierra a las 9 p. m.","4.9","1187","","","True","SerpApi Google Maps","restaurantes en Costa del Este Panamá","restaurantes_serpapi.csv"
"Pastissima El Origen","pastissima-el-origen-770606","Italiana","Restaurante italiano","","Panamá","Panamá","","Casa #72, C. 72 Este, Panamá, Provincia de Panamá","https://www.pastissimapty.com/","8.9916328","-79.5077816","Abierto · Cierra a las 10 p. m.","4.3","185","","","True","SerpApi Google Maps","comida italiana en Ciudad de Panamá","restaurantes_serpapi_v2.csv"
"Ricominciare Cucina italiana","ricominciare-cucina-italiana-909946","Italiana","Restaurante italiano","","Panamá","Panamá","","Oceanía Business Plaza, torre 1000, y 2000 PB, Panamá, Provincia de Panamá","https://www.instagram.com/ricominciare_rest/","8.9811369","-79.5097703","Abierto · Cierra a las 11 p. m.","4.6","159","","","True","SerpApi Google Maps","comida italiana en Ciudad de Panamá","restaurantes_serpapi_v2.csv"
"Sama Sky Lounge","sama-sky-lounge-082250","Italiana","Coctelería","","Panamá","Panamá","","Oasis Hotel, C. 9a Este, Panama City, Panamá Province","https://honeybadgerbars.com/en/sama","8.9535856","-79.5363186","Abierto · Cierra a las 2 a. m.","4.8","1679","","","True","SerpApi Google Maps","restaurantes en Casco Viejo Panamá","restaurantes_serpapi.csv"
"Tommasino Cucina Di Mare | Restaurante Italiano en Panamá","tommasino-cucina-di-mare-restaurante-italiano-en-panama-808258","Italiana","Restaurante italiano","","Panamá","Panamá","","07096, Panamá","https://www.facebook.com/Tommasinopa","8.9794171","-79.5227319","Abierto · Cierra a las 9:30 p. m.","4.6","196","","","True","SerpApi Google Maps","comida italiana en Ciudad de Panamá","restaurantes_serpapi_v2.csv"
"Tre Scalini | Costa del Este","tre-scalini-costa-del-este-805602","Italiana","Restaurante italiano","","Panamá","Panamá","","Av. Centenario, Panamá, Provincia de Panamá","http://trescalinipanama.com/","9.0161111","-79.4725","Abierto · Cierra a las 9 p. m.","4.6","531","","","True","SerpApi Google Maps","restaurantes en Costa del Este Panamá","restaurantes_serpapi.csv"
"Wahaka Restaurante","wahaka-restaurante-129702","Mexicana","Restaurante mexicano","","Panamá","Panamá","","Oceania Business Center, Torre 2000, Local C, Blvd. Pacífica, Panama City","http://wahakarest.com/?utm_source=google&utm_medium=wix_google_business_profile&utm_campaign=9816140719979057064","8.9804547","-79.5098134","Abierto · Cierra a las 10 p. m.","4.5","982","","","True","SerpApi Google Maps","restaurantes en Ciudad de Panamá","restaurantes_serpapi.csv"
"Barrio Pizza | Via Argentina","barrio-pizza-via-argentina-356381","Pizza","Pizzería","","Panamá","Panamá","","1, Panamá, Provincia de Panamá","https://barriopizza.com/","8.9884249","-79.5242805","Abierto · Cierra a las 11 p. m.","4.7","69","","","True","SerpApi Google Maps","pizza en Ciudad de Panamá","restaurantes_serpapi.csv | restaurantes_serpapi_v2.csv"
"Barrio Pizza | Via Porras","barrio-pizza-via-porras-615813","Pizza","Pizzería","","Panamá","Panamá","","Vía Porras, Panamá, Provincia de Panamá","http://www.barriopizza.com/","8.993405","-79.5162088","Abierto · Cierra a las 10 p. m.","4.5","951","","","True","SerpApi Google Maps","pizza en Ciudad de Panamá","restaurantes_serpapi.csv | restaurantes_serpapi_v2.csv"
"Ciao Bella | San Francisco","ciao-bella-san-francisco-216165","Pizza","Restaurante italiano","","Panamá","Panamá","","C. 71 Este, Panamá, Provincia de Panamá","https://www.instagram.com/ciaobellapanama/","8.9940609","-79.5087171","Abierto · Cierra a las 9:30 p. m.","4.6","1170","","","True","SerpApi Google Maps","pizza en Ciudad de Panamá | restaurantes en San Francisco Panamá","restaurantes_serpapi.csv | restaurantes_serpapi_v2.csv"
"Il Padrino Pizzeria","il-padrino-pizzeria-625065","Pizza","Restaurante italiano","","Panamá","Panamá","","Oasis Hotel, C. 9a Este, Panamá, Provincia de Panamá","https://honeybadgerbars.com/en/il-padrino","8.9535647","-79.53632209999999","Abierto · Cierra a las 12 a. m.","4.8","746","","","True","SerpApi Google Maps","comida italiana en Ciudad de Panamá | pizza en Ciudad de Panamá","restaurantes_serpapi.csv | restaurantes_serpapi_v2.csv"
"Just Pizza en Clayton - Sapore Tutto Italiano","just-pizza-en-clayton-sapore-tutto-italiano-947721","Pizza","Pizzería","","Panamá","Panamá","","Plaza Clayton, Calle Carrol, Panamá, Provincia de Panamá","https://justpizzapty.com/","9.0054848","-79.5702922","Abierto · Cierra a las 9:15 p. m.","4.8","120","","","True","SerpApi Google Maps","pizza en Ciudad de Panamá","restaurantes_serpapi.csv | restaurantes_serpapi_v2.csv"
"Katané Pizza | San Francisco","katane-pizza-san-francisco-266874","Pizza","Pizzería","","Panamá","Panamá","","C. 71 Este, Panama City, Panamá Province","https://instagram.com/katanepizzapty","8.9948687","-79.50893839999999","Abierto · Cierra a las 9:30 p. m.","4.6","227","","","True","SerpApi Google Maps","pizza en Ciudad de Panamá","restaurantes_serpapi.csv | restaurantes_serpapi_v2.csv"
"Katané Speedy Pizza","katane-speedy-pizza-499224","Pizza","Pizzería","","Panamá","Panamá","","Renaissance Cangrejo, Vía Veneto 55, Panamá, Provincia de Panamá","https://katanepizza.com/","8.9870787","-79.52995179999999","Abierto · Cierra a las 9:30 p. m.","4.7","1211","","","True","SerpApi Google Maps","pizza en Ciudad de Panamá","restaurantes_serpapi.csv | restaurantes_serpapi_v2.csv"
"Nero Pizza","nero-pizza-371016","Pizza","Pizzería","","Panamá","Panamá","","C. Demetrio Basilio Lakas 470B, Panamá, Provincia de Panamá","","9.0023773","-79.57412769999999","Abierto · Cierra a las 10 p. m.","4.9","127","","","True","SerpApi Google Maps","pizza en Ciudad de Panamá","restaurantes_serpapi.csv | restaurantes_serpapi_v2.csv"
"PIZZERIA ITALIA & ITALIAN BURGER","pizzeria-italia-italian-burger-933400","Pizza","Restaurante italiano","","Panamá","Panamá","","LOCAL PIZZERIA ITALIA AND ITALIAN BURGER, C. 77 Este 94016, Panamá, Provincia de Panamá","http://www.pizzeriaitaliaitalianburger.com/","8.9943644","-79.5023952","Abierto · Cierra a las 10 p. m.","4.6","556","","","True","SerpApi Google Maps","pizza en Ciudad de Panamá","restaurantes_serpapi.csv | restaurantes_serpapi_v2.csv"
"Pizzería Q'Bolá","pizzeria-q-bola-814659","Pizza","Pizzería","","Panamá","Panamá","","Av. Central España 13, Panamá, Provincia de Panamá","https://wa.me/+50766938742/?text=HolaPizzeriaQ'BOL%C3%81","8.9735069","-79.5357341","Abierto · Cierra a las 11 p. m.","4.9","67","","","True","SerpApi Google Maps","pizza en Ciudad de Panamá","restaurantes_serpapi.csv | restaurantes_serpapi_v2.csv"
"Pizzería Sorrento","pizzeria-sorrento-628914","Pizza","Pizzería","","Panamá","Panamá","","E Y, C. 69 Este 88, Panamá, Provincia de Panamá","http://www.restauranteypizzeriasorrento.com/","8.996341","-79.51066329999999","Abierto · Cierra a las 9 p. m.","4.5","1641","","","True","SerpApi Google Maps","pizza en Ciudad de Panamá","restaurantes_serpapi.csv | restaurantes_serpapi_v2.csv"
"Pizzería Zi María | Bella Vista","pizzeria-zi-maria-bella-vista-736620","Pizza","Restaurante","","Panamá","Panamá","","C. 39 Este, Panamá, Provincia de Panamá","https://www.instagram.com/zimariabellavista?igsh=MTgwZGFzOGwzaGRzdQ==","8.9717071","-79.53106009999999","Abierto · Cierra a las 10 p. m.","4.6","744","","","True","SerpApi Google Maps","pizza en Ciudad de Panamá","restaurantes_serpapi.csv | restaurantes_serpapi_v2.csv"
"Pronto Pizza Panamá","pronto-pizza-panama-223298","Pizza","Pizzería","","Panamá","Panamá","","XFFC+R8C, entre Black Dog y D Uñas, Park Plaza Mall, Calle Colombia, Panamá, Provincia de Panamá","https://prontopizza.nanotecllc.com/","8.9743794","-79.52932109999999","Abierto · Cierra a las 10 p. m.","4.4","304","","","True","SerpApi Google Maps","pizza en Ciudad de Panamá","restaurantes_serpapi.csv | restaurantes_serpapi_v2.csv"
"Restaurante Botanica Pizza","restaurante-botanica-pizza-077203","Pizza","Restaurante","","Panamá","Panamá","","XGX3+W6C, the plaza, Vía Cincuentenario, Panamá, Provincia de Panamá","http://www.botanicapanama.com/","8.999763399999999","-79.4970092","Abierto · Cierra a las 9:30 p. m.","4.6","683","","","True","SerpApi Google Maps","pizza en Ciudad de Panamá","restaurantes_serpapi.csv | restaurantes_serpapi_v2.csv"
"Restaurante Napoli y Pizzería","restaurante-napoli-y-pizzeria-877442","Pizza","Pizzería","","Panamá","Panamá","","a un costado del Instituto Nacional, Calle ""i"" y, Panamá, Provincia de Panamá","http://www.napolipanama.com/","8.958069499999999","-79.5424501","Abierto · Cierra a las 7:15 p. m.","4.5","1242","","","True","SerpApi Google Maps","pizza en Ciudad de Panamá","restaurantes_serpapi.csv | restaurantes_serpapi_v2.csv"
"Romero Cocina Artesanal Panamá","romero-cocina-artesanal-panama-560055","Pizza","Restaurante italiano","","Panamá","Panamá","","PH Nuovo, C. 42 Este, Panamá, Provincia de Panamá","https://www.instagram.com/romero.panama/","8.9738328","-79.53003489999999","Abierto · Cierra a las 10 p. m.","4.8","1156","","","True","SerpApi Google Maps","comida italiana en Ciudad de Panamá | pizza en Ciudad de Panamá","restaurantes_serpapi.csv | restaurantes_serpapi_v2.csv"
"Viva La Pizza - San Francisco","viva-la-pizza-san-francisco-732587","Pizza","Pizzería","","Panamá","Panamá","","Local 15a, Av 4 C Sur, Panamá, Provincia de Panamá","https://vivalapizza.net/","8.9927467","-79.4995105","Abierto · Cierra a las 10 p. m.","4.8","1155","","","True","SerpApi Google Maps","pizza en Ciudad de Panamá","restaurantes_serpapi.csv | restaurantes_serpapi_v2.csv"
"Viva La Pizza - Vía Argentina","viva-la-pizza-via-argentina-428255","Pizza","Pizzería","","Panamá","Panamá","","XFQF+GQ6, Edificio Basilaky, Vía Argentina 8415, Panamá, Provincia de Panamá","https://vivalapizza.net/","8.9887788","-79.5256271","Cerrado · Abre a las 12 p. m. del mar","4.9","662","","","True","SerpApi Google Maps","pizza en Ciudad de Panamá","restaurantes_serpapi.csv | restaurantes_serpapi_v2.csv"
"ACHA | Costa del Este","acha-costa-del-este-815134","Restaurante","Restaurante","","Panamá","Panamá","","2G5F+8H6, Panamá, Provincia de Panamá","https://achapanama.com/","9.008296","-79.47609419999999","Abierto · Cierra a las 11 p. m.","4.6","721","","","True","SerpApi Google Maps","restaurantes en Costa del Este Panamá","restaurantes_serpapi.csv"
"American Diner | Costa del Este","american-diner-costa-del-este-098086","Restaurante","Restaurante americano","","Panamá","Panamá","","2G5G+X6M, Av. de la Rotonda, Panamá, Provincia de Panamá","","9.0099529","-79.4744516","Abierto · Cierra a las 7 p. m.","4.8","48","","","True","SerpApi Google Maps","restaurantes en Costa del Este Panamá","restaurantes_serpapi.csv"
"Azahar Restaurant","azahar-restaurant-652766","Restaurante","Restaurante occidental","","Panamá","Panamá","","Yoo & Arts Tower, Av. Vasco Nuñez de Balboa Piso 7, Panamá, Provincia de Panamá","http://azaharpanama.com/","8.9760192","-79.52359799999999","Abierto · Cierra a las 11 p. m.","4.7","2307","","","True","SerpApi Google Maps","restaurantes en Ciudad de Panamá","restaurantes_serpapi.csv"
"Beauty and the Butcher","beauty-and-the-butcher-407759","Restaurante","Restaurante","","Panamá","Panamá","","PH Teatro Aurora, Calle B y, Panamá, Provincia de Panamá","https://beautyandthebutcher.com/","8.953143299999999","-79.5380799","Abierto · Cierra a las 10 p. m.","4.4","1086","","","True","SerpApi Google Maps","hamburguesas en Ciudad de Panamá | hot dogs en Ciudad de Panamá","restaurantes_serpapi.csv | restaurantes_serpapi_v2.csv"
"BLUE MOON COSTA DEL ESTE","blue-moon-costa-del-este-100415","Restaurante","Restaurante","","Panamá","Panamá","","Blue Moon, Avenida Principal Costa del Este 20503, Panamá, Provincia de Panamá","https://blue-moon.cluvi.co/","9.0164549","-79.470371","Abierto · Cierra a las 12 a. m.","4.5","455","","","True","SerpApi Google Maps","restaurantes en Costa del Este Panamá","restaurantes_serpapi.csv"
"Bocao507 | Casco Antiguo","bocao507-casco-antiguo-416422","Restaurante","Restaurante","","Panamá","Panamá","","Panamá casco, Av. A, Panamá, Provincia de Panamá","","8.9514017","-79.5342419","Abierto · Cierra a las 9:30 p. m.","4.4","209","","","True","SerpApi Google Maps","restaurantes en Casco Viejo Panamá","restaurantes_serpapi.csv"
"Cantina del Tigre","cantina-del-tigre-904840","Restaurante","Restaurante","","Panamá","Panamá","","PLAZA CENTENARIO, C. 68 Este, Panamá, Provincia de Panamá","http://www.cantinadeltigre.com/","8.995365699999999","-79.51144149999999","Abierto · Cierra a las 11 p. m.","4.5","1003","","","True","SerpApi Google Maps","restaurantes en San Francisco Panamá","restaurantes_serpapi.csv"
"CARPE DIEM TERRACE EXPERIENCE","carpe-diem-terrace-experience-349006","Restaurante","Restaurante","","Panamá","Panamá","","Carpe diem terrace experience, la 70, C/ 70, Panamá, Provincia de Panamá","","8.988289499999999","-79.5081901","Abierto · Cierra a las 12 a. m.","4.4","107","","","True","SerpApi Google Maps","restaurantes en San Francisco Panamá","restaurantes_serpapi.csv"
"Casa Santa - Costa del Este","casa-santa-costa-del-este-552702","Restaurante","Restaurante familiar","","Panamá","Panamá","","Panamá, Provincia de Panamá","https://www.instagram.com/casasantapanama?igsh=dmRndnVuMTVxanNh&utm_source=qr","9.009735","-79.4745875","Abierto · Cierra a las 11 p. m.","4.4","200","","","True","SerpApi Google Maps","restaurantes en Costa del Este Panamá","restaurantes_serpapi.csv"
"CASABLANCA","casablanca-141240","Restaurante","Restaurante","","Panamá","Panamá","","Plaza Simón Bolívar, Calle 4a Este, Panamá, Provincia de Panamá","https://www.instagram.com/casablancacasco/","8.9531676","-79.5337878","Abierto · Cierra a las 11:30 p. m.","4.4","1527","","","True","SerpApi Google Maps","restaurantes en Ciudad de Panamá","restaurantes_serpapi.csv"
"Chevre","chevre-640876","Restaurante","Restaurante","","Panamá","Panamá","","Panamá, Provincia de Panamá","","8.9894064","-79.5070775","Abierto · Cierra a las 10 p. m.","4.5","493","","","True","SerpApi Google Maps","restaurantes en San Francisco Panamá","restaurantes_serpapi.csv"
"Chillin' Dogs | Centro Comercial San Miguelito","chillin-dogs-centro-comercial-san-miguelito-264138","Restaurante","Restaurante de comida rápida","","Panamá","Panamá","","del Metro, CC. San Miguelito, Piso 1 A la salida, Panamá, Provincia de Panamá","https://www.instagram.com/chillindogspanama/","9.030123699999999","-79.5059491","Abierto · Cierra a las 8 p. m.","4.0","5","","","True","SerpApi Google Maps","hot dogs en Ciudad de Panamá","restaurantes_serpapi_v2.csv"
"Ciao Ragazzi | Costa del Este","ciao-ragazzi-costa-del-este-126694","Restaurante","Restaurante","","Panamá","Panamá","","Segundo Piso, Ocean Mall, Panamá, Provincia de Panamá","http://ciaoragazzigroup.com/","9.0101088","-79.47446699999999","Abierto · Cierra a las 9:30 p. m.","4.7","406","","","True","SerpApi Google Maps","restaurantes en Costa del Este Panamá","restaurantes_serpapi.csv"
"Ciboulette Panamá","ciboulette-panama-421980","Restaurante","Restaurante de cocina contemporánea europea","","Panamá","Panamá","","Calle 70 este, San Francisco ubicado en, Panamá, Provincia de Panamá","http://restauranteciboulette.com/","8.9891206","-79.5085754","Abierto · Cierra a las 10 p. m.","4.8","152","","","True","SerpApi Google Maps","restaurantes en Ciudad de Panamá","restaurantes_serpapi.csv"
"Doggers","doggers-445938","Restaurante","Restaurante","","Panamá","Panamá","","XFQW+W7H, Av. 5B Sur, Panamá, Provincia de Panamá","","8.9898207","-79.50427739999999","Abre pronto · 5 p. m.","4.9","21","","","True","SerpApi Google Maps","hot dogs en Ciudad de Panamá","restaurantes_serpapi_v2.csv"
"Don Pepe La Esquina del Hot-Dog","don-pepe-la-esquina-del-hot-dog-585988","Restaurante","","","Panamá","Panamá","","Av Las Mercedes, Panama City, Panamá Province","https://don-pepe-la-esquina-del-hot-dog.ola.click/","9.0311696","-79.4739762","Abierto · Cierra a las 8 p. m.","","0","","","True","SerpApi Google Maps","hot dogs en Ciudad de Panamá","restaurantes_serpapi_v2.csv"
"El Container Food City","el-container-food-city-296881","Restaurante","Hamburguesería","","Panamá","Panamá","","XFH9+8W9, Panamá, Provincia de Panamá","https://www.instagram.com/elcontainerfood/?hl=es","8.9780213","-79.5301248","Abierto · Cierra a las 11 p. m.","4.8","1163","","","True","SerpApi Google Maps","hamburguesas en Ciudad de Panamá | hot dogs en Ciudad de Panamá","restaurantes_serpapi.csv | restaurantes_serpapi_v2.csv"
"Espeziak","espeziak-920057","Restaurante","Restaurante","","Panamá","Panamá","","C. 67 Este 7507, Panamá, Provincia de Panamá","","8.9890863","-79.5106021","Abierto · Cierra a las 11 p. m.","4.7","106","","","True","SerpApi Google Maps","restaurantes en San Francisco Panamá","restaurantes_serpapi.csv"
"ESTAMBUL CASCO","estambul-casco-611162","Restaurante","Restaurante","","Panamá","Panamá","","Panamá, Provincia de Panamá","","8.953612","-79.53757929999999","Abierto · Cierra a las 2 a. m.","4.4","204","","","True","SerpApi Google Maps","restaurantes en Casco Viejo Panamá","restaurantes_serpapi.csv"
"Frankfurt hot dogs","frankfurt-hot-dogs-851167","Restaurante","Restaurante alemán","","Panamá","Panamá","","3J87+H6X, Panamá, Provincia de Panamá","","9.0664801","-79.3868966","Abierto · Cierra a las 9 p. m.","3.0","5","","","True","SerpApi Google Maps","hot dogs en Ciudad de Panamá","restaurantes_serpapi_v2.csv"
"Fren Eat And Chill","fren-eat-and-chill-792448","Restaurante","Restaurante de comida rápida","","Panamá","Panamá","","Calle 53 , Barrio, Panamá","","8.9911826","-79.5238869","Abierto · Cierra a las 11:45 p. m.","4.8","63","","","True","SerpApi Google Maps","hot dogs en Ciudad de Panamá","restaurantes_serpapi_v2.csv"
"Hacienda Real Panamá","hacienda-real-panama-631902","Restaurante","Restaurante","$$","Panamá","Panamá","","Balboa Boutique Panama Strip Mall, Panamá, Provincia de Panamá","http://www.haciendarealpanama.com/","8.9757479","-79.5208552","Abierto · Cierra a las 10 p. m.","4.6","2018","","","True","SerpApi Google Maps","restaurantes en Ciudad de Panamá","restaurantes_serpapi.csv"
"Haffner Hot Dogs","haffner-hot-dogs-295163","Restaurante","Restaurante","","Panamá","Panamá","","Av. 5a B. Sur, Panamá, Provincia de Panamá","https://haffnerhotdogs.ola.click/landing","8.978069399999999","-79.5213373","Abre pronto · 5 p. m.","4.4","128","","","True","SerpApi Google Maps","hot dogs en Ciudad de Panamá","restaurantes_serpapi_v2.csv"
"Hot Dog City","hot-dog-city-348767","Restaurante","Restaurante","","Panamá","Panamá","","2FHV+77W, Panamá, Provincia de Panamá","","9.0282438","-79.5067849","Abierto · Cierra a las 8:30 p. m.","3.0","1","","","True","SerpApi Google Maps","hot dogs en Ciudad de Panamá","restaurantes_serpapi_v2.csv"
"Hot dogs","hot-dogs-549216","Restaurante","Hamburguesería","","Panamá","Panamá","","XFJH+72W, Panama City, Panamá Province","","8.980749399999999","-79.5224224","","4.3","6","","","True","SerpApi Google Maps","hot dogs en Ciudad de Panamá","restaurantes_serpapi_v2.csv"
"Hotdog frente al town center","hotdog-frente-al-town-center-866419","Restaurante","","","Panamá","Panamá","","Av. Costa del Sol 237, Panama City, Panamá Province","","9.0157112","-79.4657885","Abierto · Cierra a las 6 p. m.","5.0","3","","","True","SerpApi Google Maps","hot dogs en Ciudad de Panamá","restaurantes_serpapi_v2.csv"
"Hotdogstop","hotdogstop-766163","Restaurante","Restaurante","","Panamá","Panamá","","Plaza Ágora, Panamá, Provincia de Panamá","","9.0184077","-79.4836629","Abierto · Cierra a las 11 p. m.","4.5","223","","","True","SerpApi Google Maps","hot dogs en Ciudad de Panamá","restaurantes_serpapi_v2.csv"
"Kaandela Restaurant","kaandela-restaurant-956619","Restaurante","Restaurante","","Panamá","Panamá","","Amarla Casco Viejo Boutique Hotel, Av. Central España 24, Panamá, Provincia de Panamá","https://kaandela.com/reservations/","8.9522649","-79.5337042","Cierra pronto · 5 p. m. · Vuelve a abrir a las 6:30 p. m.","4.8","2253","","","True","SerpApi Google Maps","restaurantes en Casco Viejo Panamá","restaurantes_serpapi.csv"
"LA CASA DE LOS HOT DOGS","la-casa-de-los-hot-dogs-361038","Restaurante","","","Panamá","Panamá","","0816, Panamá","","8.966623799999999","-79.5390017","Abierto · Cierra a las 9 p. m.","4.1","7","","","True","SerpApi Google Maps","hot dogs en Ciudad de Panamá","restaurantes_serpapi_v2.csv"
"LA SALCHICHA HOT DOG","la-salchicha-hot-dog-883062","Restaurante","Tienda de alimentación","","Panamá","Panamá","","2F5V+37R, C. 81 Este, Panamá, Provincia de Panamá","","9.007739299999999","-79.5068445","Abierto · Cierra a las 11 p. m.","5.0","2","","","True","SerpApi Google Maps","hot dogs en Ciudad de Panamá","restaurantes_serpapi_v2.csv"
"La Talanquera del Este","la-talanquera-del-este-421003","Restaurante","Restaurante","","Panamá","Panamá","","Av. Vista del Pacífico, Panamá, Provincia de Panamá","https://www.latalanquerapty.com/","9.009348899999999","-79.4771193","Abierto · Cierra a las 10 p. m.","4.7","375","","","True","SerpApi Google Maps","restaurantes en Costa del Este Panamá","restaurantes_serpapi.csv"
"la tapa del coco","la-tapa-del-coco-643190","Restaurante","Restaurante caribeño","","Panamá","Panamá","","Calle 68 Este, Panamá","https://latapadelcocopanama.com/","8.994433899999999","-79.5110306","Abierto · Cierra a las 10:30 p. m.","4.7","4611","","","True","SerpApi Google Maps","restaurantes en Ciudad de Panamá","restaurantes_serpapi.csv"
"La Vespa Vista Mare","la-vespa-vista-mare-297713","Restaurante","Restaurante","","Panamá","Panamá","","antiguo trump, Ph TOC, area del ocean deck, Cl. Punta Colón, Panama City","","8.975519199999999","-79.50637019999999","Abierto · Cierra a las 11 p. m.","4.6","1082","","","True","SerpApi Google Maps","restaurantes en Ciudad de Panamá","restaurantes_serpapi.csv"
"LAZOTEA | Jorge Rausch","lazotea-jorge-rausch-232020","Restaurante","Restaurante","","Panamá","Panamá","","Rooftop, Av. Eloy Alfaro, y, Provincia de Panamá","https://lazoteapanama.com/","8.9543152","-79.5367509","Abierto · Cierra a la 1 a. m.","4.4","2770","","","True","SerpApi Google Maps","restaurantes en Ciudad de Panamá","restaurantes_serpapi.csv"
"Limonada 🍋 y hotdogs","limonada-y-hotdogs-112489","Restaurante","","","Panamá","Panamá","","La Peatonal, Edificio # 27278 Video Pap´s Plaza, 5 de Mayo 2, Panamá","","8.9601255","-79.5411226","","5.0","2","","","True","SerpApi Google Maps","hot dogs en Ciudad de Panamá","restaurantes_serpapi_v2.csv"
"Los Años Locos | Costa del Este","los-anos-locos-costa-del-este-057982","Restaurante","Restaurante","","Panamá","Panamá","","Av Marina del Nte, Panama City, Panamá Province","","9.0222964","-79.4627727","Abierto · Cierra a las 11 p. m.","4.7","972","","","True","SerpApi Google Maps","restaurantes en Costa del Este Panamá","restaurantes_serpapi.csv"
"Los Años Locos | San Francisco","los-anos-locos-san-francisco-114547","Restaurante","Restaurante","$$$","Panamá","Panamá","","C. 74 Este 74, Panamá, Provincia de Panamá","https://www.losalocos.com/","8.9921588","-79.50563","Abierto · Cierra a las 11 p. m.","4.6","1837","","","True","SerpApi Google Maps","restaurantes en San Francisco Panamá","restaurantes_serpapi.csv"
"Luigi's Cucina Povera","luigi-s-cucina-povera-250825","Restaurante","Restaurante","","Panamá","Panamá","","Panamá, Provincia de Panamá","https://www.hyatt.com/unbound-collection/en-US/ptyub-unbound-hotel-la-compania?src=agn_koddi_crp_chico_ppc_22365339045_Conversion_Unbound_Google_Search_English_PTYUB_PanamaCity_Paid_Brand_CrossDevice_1x1_google_Koddi-TopUp-Evergreen-Brand_e_hotel%20la%20compa%C3%B1ia%20panama%20city&gad_source=1&gad_campaignid=22365339045&gclid=Cj0KCQjwnJfEBhCzARIsAIMtfKLwXBeQCrp9igAlr_qDsbF-_DBgE_-0a27RCHoajgZpTdBqqpgZp2AaAgdYEALw_wcB","8.952354999999999","-79.53539219999999","Abierto · Cierra a las 10:30 p. m.","4.8","217","","","True","SerpApi Google Maps","restaurantes en Casco Viejo Panamá","restaurantes_serpapi.csv"
"Lula Casco","lula-casco-149396","Restaurante","Restaurante","","Panamá","Panamá","","PH University Club, Calle 1, Panamá, Provincia de Panamá","","8.9508628","-79.5324017","Abierto · Cierra a las 10 p. m.","4.7","239","","","True","SerpApi Google Maps","restaurantes en Casco Viejo Panamá","restaurantes_serpapi.csv"
"Macho Cabrío PTY","macho-cabrio-pty-370509","Restaurante","Restaurante","","Panamá","Panamá","","07099, C/ 70","https://instagram.com/machocabrio_pty","8.9926548","-79.5094299","Abierto · Cierra a las 12 a. m.","4.6","82","","","True","SerpApi Google Maps","hot dogs en Ciudad de Panamá","restaurantes_serpapi_v2.csv"
"Mahalo Cocina y Jardin","mahalo-cocina-y-jardin-151410","Restaurante","Restaurante","","Panamá","Panamá","","Las Clementinas Hotel, C. 11 Este, Panamá, Provincia de Panamá","http://mahalopanama.com/","8.9534887","-79.53704429999999","Abierto · Cierra a las 10:30 p. m.","4.7","1332","","","True","SerpApi Google Maps","restaurantes en Casco Viejo Panamá","restaurantes_serpapi.csv"
"Oh My Dog 507","oh-my-dog-507-192807","Restaurante","Restaurante de comida rápida","","Panamá","Panamá","","Al frente de Servientrega, Panamá, Provincia de Panamá","https://linktr.ee/ohmydog507","9.025442","-79.4862571","Abierto · Cierra a las 11 p. m.","4.8","26","","","True","SerpApi Google Maps","hot dogs en Ciudad de Panamá","restaurantes_serpapi_v2.csv"
"Pachapas San Francisco","pachapas-san-francisco-795812","Restaurante","Restaurante","","Panamá","Panamá","","Calle los Nisperos casa 30, Panamá, Provincia de Panamá","https://www.pachapas.com/","8.9966537","-79.51245449999999","Abierto · Cierra a las 7:30 p. m.","4.9","214","","","True","SerpApi Google Maps","restaurantes en San Francisco Panamá","restaurantes_serpapi.csv"
"Panama Hotdog y Booolas","panama-hotdog-y-booolas-116481","Restaurante","Restaurante","","Panamá","Panamá","","frente al pricemart detras de American pets, Plaza 507 entrada de, San Miguelito","","9.0505789","-79.4601572","Cerrado · Abre a las 4:30 p. m. del mar","4.5","118","","","True","SerpApi Google Maps","hot dogs en Ciudad de Panamá","restaurantes_serpapi_v2.csv"
"Patagonia | Costa del Este","patagonia-costa-del-este-146056","Restaurante","Restaurante","","Panamá","Panamá","","PH Arcadia, C. Río Mar, Panama City, Panamá Province","https://www.instagram.com/patagoniaparrillargentina/?hl=es","9.0135611","-79.46871159999999","Abierto · Cierra a las 10 p. m.","4.7","15","","","True","SerpApi Google Maps","restaurantes en Costa del Este Panamá","restaurantes_serpapi.csv"
"Pretelt Gourmet Meats | Costa del Este","pretelt-gourmet-meats-costa-del-este-385557","Restaurante","Restaurante","","Panamá","Panamá","","Ave. Centenario, Plaza Procenter, Local 1, Av. Centenario, Panamá","https://preteltmeats.com/sucursal-pretelt-costa-del-este/","9.0143527","-79.4801756","Abierto · Cierra a las 9 p. m.","4.6","375","","","True","SerpApi Google Maps","restaurantes en Costa del Este Panamá","restaurantes_serpapi.csv"
"Restaurante Almería | San Francisco","restaurante-almeria-san-francisco-244401","Restaurante","Restaurante","","Panamá","Panamá","","casa 6, C. Matilde Obarrio de Mallet, Panamá, Provincia de Panamá","","8.9962765","-79.5063852","Abierto · Cierra a las 11 p. m.","4.8","89","","","True","SerpApi Google Maps","restaurantes en San Francisco Panamá","restaurantes_serpapi.csv"
"Restaurante El Enemigo - Casco Antiguo","restaurante-el-enemigo-casco-antiguo-335030","Restaurante","Restaurante","","Panamá","Panamá","","Entre calle 9 y 8, Av. Central España, Panamá, Provincia de Panamá","","8.9524071","-79.5359412","Abierto · Cierra a las 12 a. m.","4.8","878","","","True","SerpApi Google Maps","restaurantes en Ciudad de Panamá","restaurantes_serpapi.csv"
"Restaurante El Nacional Sabores de Panamá","restaurante-el-nacional-sabores-de-panama-694724","Restaurante","Restaurante de cocina panlatinoamericana","","Panamá","Panamá","","PH Plaza Catedral, Panamá, Provincia de Panamá","http://www.elnacionalpty.com/","8.9528579","-79.5347835","Abierto · Cierra a las 9 p. m.","4.7","637","","","True","SerpApi Google Maps","restaurantes en Ciudad de Panamá","restaurantes_serpapi.csv"
"Restaurante El Trapiche | San Francisco","restaurante-el-trapiche-san-francisco-485342","Restaurante","Restaurante","","Panamá","Panamá","","Calle 71, Panamá, Provincia de Panamá","http://www.eltrapicherestaurante.com/","8.9884091","-79.50782319999999","Abierto · Cierra a las 9 p. m.","4.6","3036","","","True","SerpApi Google Maps","restaurantes en San Francisco Panamá","restaurantes_serpapi.csv"
"Restaurante El Trapiche | Via Argentina","restaurante-el-trapiche-via-argentina-409871","Restaurante","Restaurante","","Panamá","Panamá","","Vía Argentina, Panamá, Provincia de Panamá","http://eltrapicherestaurante.com/","8.9889261","-79.52514889999999","Abierto · Cierra a las 10 p. m.","4.4","4087","","","True","SerpApi Google Maps","restaurantes en Ciudad de Panamá","restaurantes_serpapi.csv"
"Restaurante La Casona, Casco Antiguo","restaurante-la-casona-casco-antiguo-112205","Restaurante","Restaurante","","Panamá","Panamá","","Plaza Bolivar, Panamá, Provincia de Panamá","https://www.instagram.com/la_casona_cascoantiguo/","8.9533921","-79.5337706","Abierto · Cierra a las 10 p. m.","4.5","46","","","True","SerpApi Google Maps","restaurantes en Casco Viejo Panamá","restaurantes_serpapi.csv"
"Restaurante Nazca 21 Casco antiguo","restaurante-nazca-21-casco-antiguo-565546","Restaurante","Restaurante peruano","$$","Panamá","Panamá","","Av. B 7-53, Panamá, Provincia de Panamá","https://nazca21restaurante.com/","8.9531782","-79.5354306","Abierto · Cierra a las 10 p. m.","4.6","1382","","","True","SerpApi Google Maps","restaurantes en Ciudad de Panamá","restaurantes_serpapi.csv"
"Restaurante Nazca 21 Costa del Este","restaurante-nazca-21-costa-del-este-886160","Restaurante","Restaurante peruano","","Panamá","Panamá","","Av. de la Rotonda, Panamá, Provincia de Panamá","https://nazca21restaurant.com/","9.0097193","-79.47473509999999","Abierto · Cierra a las 9:30 p. m.","4.7","546","","","True","SerpApi Google Maps","restaurantes en Costa del Este Panamá","restaurantes_serpapi.csv"
"restaurante r.i.c.h.a.","restaurante-r-i-c-h-a-440868","Restaurante","Restaurante","","Panamá","Panamá","","Calle los Fundadores, Panamá, Provincia de Panamá","https://restaurantericha.com/","8.990426099999999","-79.5030486","Abierto · Cierra a las 10 p. m.","4.7","102","","","True","SerpApi Google Maps","restaurantes en San Francisco Panamá","restaurantes_serpapi.csv"
"Sabroso Panamá","sabroso-panama-347337","Restaurante","Restaurante","","Panamá","Panamá","","Isla Perico, Calzada de, Panamá","https://www.sabroso-panama.com/","8.9152132","-79.5265568","Abierto · Cierra a las 11 p. m.","4.6","3218","","","True","SerpApi Google Maps","restaurantes en Ciudad de Panamá","restaurantes_serpapi.csv"
"Salvaje Costa del Este","salvaje-costa-del-este-820433","Restaurante","Restaurante japonés","","Panamá","Panamá","","P.H. Dream Plaza, Panamá, Provincia de Panamá","","9.0163183","-79.47067299999999","Abierto · Cierra a la 1 a. m.","4.4","1232","","","True","SerpApi Google Maps","restaurantes en Costa del Este Panamá","restaurantes_serpapi.csv"
"Sushark Costa Del Este","sushark-costa-del-este-148065","Restaurante","Restaurante","","Panamá","Panamá","","PH Financial Park, Panamá, Provincia de Panamá","https://www.itssushark.com/","9.0101532","-79.4764919","Abierto · Cierra a las 10 p. m.","4.8","71","","","True","SerpApi Google Maps","restaurantes en Costa del Este Panamá","restaurantes_serpapi.csv"
"The Wallace","the-wallace-816720","Restaurante","Restaurante","","Panamá","Panamá","","Av. Samuel Lewis, Panamá, Provincia de Panamá","http://www.thewallacepanama.com/","8.9856395","-79.5214462","Abierto · Cierra a las 11 p. m.","4.7","933","","","True","SerpApi Google Maps","restaurantes en Ciudad de Panamá","restaurantes_serpapi.csv"
"La Divina Comida Restaurante y Rooftop | PANAMÁ","la-divina-comida-restaurante-y-rooftop-panama-349370","Rooftop","Restaurante","","Panamá","Panamá","","Avenida A, Antigua Muralla Panamá. Baluarte Mano De Tigre, Casco Antiguo,PTY, Panamá","https://www.instagram.com/divinacomidapty","8.9516356","-79.537671","Abierto · Cierra a las 9 p. m.","4.6","219","","","True","SerpApi Google Maps","restaurantes en Ciudad de Panamá","restaurantes_serpapi.csv"
"Primavera Rooftop","primavera-rooftop-115724","Rooftop","Restaurante","","Panamá","Panamá","","MMG Tower, Av Paseo del Mar, Panamá, Provincia de Panamá","https://primaverarooftop.com/","9.008198799999999","-79.4774795","Abierto · Cierra a las 12 a. m.","4.7","81","","","True","SerpApi Google Maps","restaurantes en Costa del Este Panamá","restaurantes_serpapi.csv"
"​Waro's Grill | Salchipapas y Pepitos en San Antonio","waro-s-grill-salchipapas-y-pepitos-en-san-antonio-388130","Salchipapas","Comida a domicilio","","Panamá","Panamá","","C. Los Jazmines, San Miguelito, Provincia de Panamá","https://www.instagram.com/warosgril?igsh=MXRvOGFvMWhmaGs2MA==","9.0672555","-79.440697","Cerrado · Abre a las 9 p. m.","5.0","3","","","True","SerpApi Google Maps","salchipapas en Ciudad de Panamá","restaurantes_serpapi.csv | restaurantes_serpapi_v2.csv"
"Aji de Cali","aji-de-cali-018498","Salchipapas","Restaurante de comida rápida","","Panamá","Panamá","","2HWQ+J37, C. Escandinavos, Panamá, Provincia de Panamá","","9.0465422","-79.4123417","Abierto · Cierra a las 10:30 p. m.","4.6","116","","","True","SerpApi Google Maps","salchipapas en Ciudad de Panamá","restaurantes_serpapi.csv | restaurantes_serpapi_v2.csv"
"Chamo Pana","chamo-pana-840684","Salchipapas","Restaurante de comida rápida","","Panamá","Panamá","","San Miguelito, Provincia de Panamá","","8.9747301","-79.5347285","Abierto · Cierra a las 3 a. m.","4.2","167","","","True","SerpApi Google Maps","salchipapas en Ciudad de Panamá","restaurantes_serpapi.csv | restaurantes_serpapi_v2.csv"
"Comidas rapidas luva","comidas-rapidas-luva-406233","Salchipapas","Restaurante","","Panamá","Panamá","","El Crisol, Panamá, Provincia de Panamá","","9.0478311","-79.4736243","Abierto · Cierra a las 11:30 p. m.","4.2","6","","","True","SerpApi Google Maps","salchipapas en Ciudad de Panamá","restaurantes_serpapi.csv | restaurantes_serpapi_v2.csv"
"DONDE LOLO","donde-lolo-608092","Salchipapas","Hamburguesería","","Panamá","Panamá","","Avenida Porras a 50 metros del Super 99, Av. Dr. Belisario Porras, Panamá","","8.9928898","-79.51691699999999","Abierto · Cierra a la 1 a. m.","4.5","279","","","True","SerpApi Google Maps","salchipapas en Ciudad de Panamá","restaurantes_serpapi.csv | restaurantes_serpapi_v2.csv"
"Donde Timoty","donde-timoty-355011","Salchipapas","Restaurante","","Panamá","Panamá","","san miguelito, Los Andes, Panamá","https://instagram.com/dondetimoty?igshid=YmMyMTA2M2Y=","9.0513431","-79.5104415","Cerrado · Abre a las 5:30 p. m.","4.5","13","","","True","SerpApi Google Maps","salchipapas en Ciudad de Panamá","restaurantes_serpapi.csv | restaurantes_serpapi_v2.csv"
"Gastronomía Zuliana - Salchipapas, Almuerzos y Comida Venezolana","gastronomia-zuliana-salchipapas-almuerzos-y-comida-venezolana-055981","Salchipapas","Restaurante de brunch","","Panamá","Panamá","","plaza food truck Market, C. 67 Este, Panamá, Provincia de Panamá","","8.9936765","-79.5119296","Abierto · Cierra a las 10:30 p. m.","5.0","5","","","True","SerpApi Google Maps","salchipapas en Ciudad de Panamá","restaurantes_serpapi.csv | restaurantes_serpapi_v2.csv"
"Monchi's","monchi-s-137536","Salchipapas","Restaurante de comida rápida","","Panamá","Panamá","","Los libertadores Edificio z2 local PB 4","","9.0258995","-79.5207412","Abierto · Cierra a las 10:30 p. m.","4.0","1","","","True","SerpApi Google Maps","salchipapas en Ciudad de Panamá","restaurantes_serpapi.csv | restaurantes_serpapi_v2.csv"
"Mr Frías","mr-frias-860536","Salchipapas","Restaurante de comida rápida","","Panamá","Panamá","","Plaza La Lupita, C. 50, Panamá, Provincia de Panamá","","8.9922211","-79.50975559999999","Abierto · Cierra a las 11:45 p. m.","4.8","4","","","True","SerpApi Google Maps","salchipapas en Ciudad de Panamá","restaurantes_serpapi.csv | restaurantes_serpapi_v2.csv"
"Pa Onde el Gocho","pa-onde-el-gocho-636694","Salchipapas","Restaurante de comida rápida","","Panamá","Panamá","","Plaza Chicheme cars wash, Calle Jorge A. Zarak, Panamá, Provincia de Panamá","https://paondeelgocho.waiterio.com/","9.0012173","-79.51938369999999","Abierto · Cierra a las 11:55 p. m.","4.9","11","","","True","SerpApi Google Maps","salchipapas en Ciudad de Panamá","restaurantes_serpapi.csv | restaurantes_serpapi_v2.csv"
"Papas Locas","papas-locas-776438","Salchipapas","Restaurante","","Panamá","Panamá","","2GV6+MH9, C. 15, Panamá, Provincia de Panamá","","9.044164799999999","-79.4885312","Abierto · Cierra a las 11 p. m.","4.0","171","","","True","SerpApi Google Maps","salchipapas en Ciudad de Panamá","restaurantes_serpapi.csv | restaurantes_serpapi_v2.csv"
"Papas Locas Parque Lefevre","papas-locas-parque-lefevre-611133","Salchipapas","Restaurante de comida rápida","","Panamá","Panamá","","2G72+VMH, Panamá, Provincia de Panamá","","9.0146778","-79.49826589999999","Abierto · Cierra a las 12 a. m.","3.8","129","","","True","SerpApi Google Maps","salchipapas en Ciudad de Panamá","restaurantes_serpapi.csv | restaurantes_serpapi_v2.csv"
"Pepito's Village | Vía España","pepito-s-village-via-espana-557074","Salchipapas","Restaurante","","Panamá","Panamá","","Cruce Vía España y, Av. 12 de Octubre, Panamá","https://instagram.com/pepitosvillage?igshid=YmMyMTA2M2Y=","9.0082009","-79.5080594","Abierto · Cierra a las 12 a. m.","4.2","143","","","True","SerpApi Google Maps","salchipapas en Ciudad de Panamá","restaurantes_serpapi.csv | restaurantes_serpapi_v2.csv"
"Poty salchipapas","poty-salchipapas-183639","Salchipapas","Hamburguesería","","Panamá","Panamá","","El coco, calle caridad, Panamá, Provincia de Panamá","","8.9722967","-79.5620726","Abierto · Cierra a las 11 p. m.","3.0","3","","","True","SerpApi Google Maps","salchipapas en Ciudad de Panamá","restaurantes_serpapi.csv | restaurantes_serpapi_v2.csv"
"Que Riko","que-riko-314024","Salchipapas","Restaurante","","Panamá","Panamá","","Plaza Strip, Calle 58 Este 58, Panamá","http://www.queriko.com/","8.988090699999999","-79.5191251","Abierto · Cierra a las 10 p. m.","4.5","160","","","True","SerpApi Google Maps","salchipapas en Ciudad de Panamá","restaurantes_serpapi.csv | restaurantes_serpapi_v2.csv"
"Salchiburger co.","salchiburger-co-410852","Salchipapas","Hamburguesería","","Panamá","Panamá","","XFQC+GWX, Vía Argentina, Panama City, Panamá Province","","8.9888511","-79.5276354","","4.4","13","","","True","SerpApi Google Maps","salchipapas en Ciudad de Panamá","restaurantes_serpapi.csv | restaurantes_serpapi_v2.csv"
"Salchimama","salchimama-764413","Salchipapas","Restaurante de comida rápida","","Panamá","Panamá","","primer local en la plaza de foodtrucks, C. 50, Panamá, Provincia de Panamá","","8.9924241","-79.5093649","Abierto · Cierra a las 11:30 p. m.","4.5","24","","","True","SerpApi Google Maps","salchipapas en Ciudad de Panamá","restaurantes_serpapi.csv | restaurantes_serpapi_v2.csv"
"Salchipaisitaspty","salchipaisitaspty-232234","Salchipapas","Restaurante","","Panamá","Panamá","","Vía Israel, Panamá, Provincia de Panamá","","8.981119","-79.5160027","","3.5","15","","","True","SerpApi Google Maps","salchipapas en Ciudad de Panamá","restaurantes_serpapi.csv | restaurantes_serpapi_v2.csv"
"Salchipapas El Cielo","salchipapas-el-cielo-852872","Salchipapas","Restaurante","","Panamá","Panamá","","Brisas del Golf, Panamá, Provincia de Panamá","","9.0701593","-79.4609514","Abierto · Cierra a las 11 p. m.","","0","","","True","SerpApi Google Maps","salchipapas en Ciudad de Panamá","restaurantes_serpapi.csv | restaurantes_serpapi_v2.csv"
"Salchipapas Karen","salchipapas-karen-634944","Salchipapas","","","Panamá","Panamá","","Calle 71 B 71, San Miguelito, Provincia de Panamá","","9.072201999999999","-79.4812738","Abierto · Cierra a las 11:30 p. m.","5.0","6","","","True","SerpApi Google Maps","salchipapas en Ciudad de Panamá","restaurantes_serpapi.csv | restaurantes_serpapi_v2.csv"
"Fukuoka Sushi","fukuoka-sushi-225516","Sushi","Restaurante","","Panamá","Panamá","","Av 4 C Sur, Panama City, Panamá Province","","8.9928245","-79.4993224","Cerrado · Abre a las 5 p. m.","4.8","360","","","True","SerpApi Google Maps","sushi en Ciudad de Panamá","restaurantes_serpapi.csv"
"Matsuei Sushi Bar Panama","matsuei-sushi-bar-panama-353441","Sushi","Restaurante japonés auténtico","","Panamá","Panamá","","C. Eusebio A. Morales 12-A, Panamá, Provincia de Panamá","http://www.matsueipanama.com/","8.9868426","-79.5255983","Cerrado · Abre a las 12 p. m. del mar","4.7","938","","","True","SerpApi Google Maps","sushi en Ciudad de Panamá","restaurantes_serpapi.csv"
"Nación Sushi | Casco Antiguo","nacion-sushi-casco-antiguo-938819","Sushi","Restaurante de sushi","","Panamá","Panamá","","Av. A, Panamá, Provincia de Panamá","https://nacionsushi.com/pa/","8.9515174","-79.5354334","Abierto · Cierra a las 9:30 p. m.","4.6","1065","","","True","SerpApi Google Maps","sushi en Ciudad de Panamá","restaurantes_serpapi.csv"
"Nación Sushi | Costa del Este","nacion-sushi-costa-del-este-316646","Sushi","Restaurante de sushi","","Panamá","Panamá","","2G6G+9M8, BLADEX, Torre V, Business Park, Av. de la Rotonda, Panamá, Provincia de Panamá","https://nacionsushi.com/pa/","9.010859","-79.4732368","Abierto · Cierra a las 11 p. m.","4.6","1881","","","True","SerpApi Google Maps","sushi en Ciudad de Panamá","restaurantes_serpapi.csv"
"Nación Sushi | Do it Center El Dorado","nacion-sushi-do-it-center-el-dorado-724732","Sushi","Restaurante de sushi","","Panamá","Panamá","","Av. Miguel A. Brostella, Panamá, Provincia de Panamá","http://www.naciondelivery.com/","9.0068871","-79.5381936","Abierto · Cierra a las 11 p. m.","4.7","1150","","","True","SerpApi Google Maps","sushi en Ciudad de Panamá","restaurantes_serpapi.csv"
"Nación Sushi | San Francisco","nacion-sushi-san-francisco-937417","Sushi","Restaurante de sushi","","Panamá","Panamá","","Panamá, Provincia de Panamá","https://nacionsushi.com/pa/","8.9913294","-79.5029708","Abierto · Cierra a las 11 p. m.","4.7","1799","","","True","SerpApi Google Maps","sushi en Ciudad de Panamá","restaurantes_serpapi.csv"
"Nación Sushi | Soho City Center","nacion-sushi-soho-city-center-956179","Sushi","Restaurante de sushi","","Panamá","Panamá","","Soho City Center, C. 50, Panamá, Provincia de Panamá","https://nacionsushi.com/pa/","8.983108399999999","-79.5190385","Abierto · Cierra a las 11 p. m.","4.6","804","","","True","SerpApi Google Maps","sushi en Ciudad de Panamá","restaurantes_serpapi.csv"
"Nación Sushi • Panamá Pacífico","nacion-sushi-panama-pacifico-288919","Sushi","Restaurante de sushi","","Panamá","Panamá","","Blvd. Panamá Pacífico, Panamá, Provincia de Panamá Oeste","https://nacionsushi.com/pa/","8.926659299999999","-79.5933052","Abierto · Cierra a las 11 p. m.","4.5","275","","","True","SerpApi Google Maps","sushi en Ciudad de Panamá","restaurantes_serpapi.csv"
"Nacionsushi I Villa Lucre","nacionsushi-i-villa-lucre-214104","Sushi","Restaurante de sushi","","Panamá","Panamá","","Royal plaza corp, Blvd. Villa Lucre, Panamá, Provincia de Panamá","https://nacionsushi.com/pa/","9.0394869","-79.47991329999999","Abierto · Cierra a las 10 p. m.","4.7","242","","","True","SerpApi Google Maps","sushi en Ciudad de Panamá","restaurantes_serpapi.csv"
"Peix Kru","peix-kru-371698","Sushi","Restaurante japonés","","Panamá","Panamá","","Wanders and Yoo, Panamá, Provincia de Panamá","","8.9806943","-79.51693809999999","Abierto · Cierra a las 12 a. m.","4.7","70","","","True","SerpApi Google Maps","sushi en Ciudad de Panamá","restaurantes_serpapi.csv"
"Restaurante Hikaru","restaurante-hikaru-513502","Sushi","Restaurante japonés","","Panamá","Panamá","","C. Anastacio Ruíz Noriega, Panamá, Provincia de Panamá","https://hikaru.restaurant/","8.978752199999999","-79.5200914","Abierto · Cierra a las 10 p. m.","4.5","593","","","True","SerpApi Google Maps","sushi en Ciudad de Panamá","restaurantes_serpapi.csv"
"Restaurante Makoto","restaurante-makoto-872642","Sushi","Restaurante","","Panamá","Panamá","","Obarrio, Kenex Plaza, C. 59 Este, Panamá, Provincia de Panamá","http://makotopanama.com/","8.9874007","-79.5177801","Abierto · Cierra a las 10:30 p. m.","4.7","1235","","","True","SerpApi Google Maps","sushi en Ciudad de Panamá","restaurantes_serpapi.csv"
"Sugoi Caribbean Sushi - Condado del Rey","sugoi-caribbean-sushi-condado-del-rey-277366","Sushi","Restaurante especializado en fusión asiática","","Panamá","Panamá","","Centennial, Plaza Boulevard, Panamá, Provincia de Panamá","https://sugoipty.com/?utm_source=google&utm_medium=organic&utm_content=&utm_campaign=gmb_condado_del_rey","9.0322801","-79.5337931","Abierto · Cierra a las 10 p. m.","4.9","3681","","","True","SerpApi Google Maps","sushi en Ciudad de Panamá","restaurantes_serpapi.csv"
"Sugoi Caribbean Sushi - San Francisco","sugoi-caribbean-sushi-san-francisco-947145","Sushi","Restaurante","","Panamá","Panamá","","C. 75 Este, Panamá, Provincia de Panamá","https://sugoipty.com/?utm_source=google&utm_medium=organic&utm_content=&utm_campaign=gmb_san_francisco","8.9897218","-79.50343339999999","Abierto · Cierra a las 10 p. m.","4.8","5714","","","True","SerpApi Google Maps","restaurantes en San Francisco Panamá","restaurantes_serpapi.csv"
"Sugoi Caribbean Sushi | El Cangrejo","sugoi-caribbean-sushi-el-cangrejo-681968","Sushi","Restaurante especializado en fusión asiática","","Panamá","Panamá","","PB Hotel Principe, C. Alberto Navarro, Panamá, Provincia de Panamá","https://sugoipty.com/?utm_source=google&utm_medium=organic&utm_content=&utm_campaign=gmb_el_cangrejo","8.987480699999999","-79.5245647","Abierto · Cierra a las 10 p. m.","4.8","5619","","","True","SerpApi Google Maps","sushi en Ciudad de Panamá","restaurantes_serpapi.csv"
"Sushi kazoku costa del este","sushi-kazoku-costa-del-este-262590","Sushi","Restaurante","","Panamá","Panamá","","lote H53, Av. de la Rotonda, Panamá, Provincia de Panamá","","9.0095605","-79.47646309999999","Abierto · Cierra a las 10:30 p. m.","4.8","31","","","True","SerpApi Google Maps","sushi en Ciudad de Panamá","restaurantes_serpapi.csv"
"Sushi Market Panamá Oficial San Francisco","sushi-market-panama-oficial-san-francisco-982293","Sushi","Restaurante japonés","","Panamá","Panamá","","C. Belén, Panamá, Provincia de Panamá","","8.9935353","-79.5124357","Abierto · Cierra a las 10 p. m.","4.6","713","","","True","SerpApi Google Maps","sushi en Ciudad de Panamá","restaurantes_serpapi.csv"
"Sushi Miyagi by Yerson Maldonado","sushi-miyagi-by-yerson-maldonado-699103","Sushi","Restaurante de sushi","","Panamá","Panamá","","Vía Argentina, Panamá, Provincia de Panamá","","8.988078699999999","-79.5240175","Abierto · Cierra a las 9:30 p. m.","4.9","133","","","True","SerpApi Google Maps","sushi en Ciudad de Panamá","restaurantes_serpapi.csv"
"Umi","umi-721577","Sushi","Restaurante japonés","","Panamá","Panamá","","Plaza 54, Av. Samuel Lewis, Panamá, Provincia de Panamá","https://www.umi.bar/","8.9852207","-79.5219217","Abierto · Cierra a las 12 a. m.","4.6","144","","","True","SerpApi Google Maps","sushi en Ciudad de Panamá","restaurantes_serpapi.csv"
"Wasabi Sushi Ramen and Poke","wasabi-sushi-ramen-and-poke-677493","Sushi","Restaurante de sushi","","Panamá","Panamá","","Av. Samuel Lewis Con, C. 59 Este, Panamá","https://wasabi.pidepaya.com/","8.9875127","-79.5182854","Abierto · Cierra a las 8:30 p. m.","4.8","198","","","True","SerpApi Google Maps","sushi en Ciudad de Panamá","restaurantes_serpapi.csv"
